"ID","ProName","class1","class2","class3","SmallPic","BigPic","DownURL","About","ProInfo","ProNo","ProPrice","ProPrice2","IsTop","IsHot","AddDate","orderid","ViewNumber","IsNewPro","issale","ordernum","color","Units","Video_URL","num"
133,"HIUMAN CHAU 2011FW",452,530,0,,,,"摄影棚 515 摄影 Yuki_He 化妆 陈菲菲  品牌 HIUMAN CHAU  模特 陈宇 esee","<p><img width=""800"" height=""1162"" alt="""" src=""/A_UpLoad/image/2012032123411676.jpg"" /></p>","515",0,0,0,0,"2012/1/8, 15:52:23",4,0,0,0,0,,,,10
134,"21 Century Center",452,526,0,,,,"21 Century Center Advertising 摄影棚 515 摄影 Yuki_He 化妆 陈菲菲  ","<p>&nbsp;<img src=""/A_UpLoad/image/2012032017521736.jpg"" width=""700"" height=""451"" alt="""" /></p>","515",0,0,0,0,"2012/2/6, 12:41:32",19,0,0,0,0,,,,10
135,"SHANGHAI HOME EXPO",452,526,0,,,,"剪刀石头布TVC平面广告 摄影 Yuki_He 化妆 陈菲菲<br/>","<p><img alt="""" src=""/A_UpLoad/image/2012020613394589.jpg"" /></p>","515",0,0,0,0,"2012/2/6, 13:31:18",6,0,0,0,0,,,,10
138,"Studio515 摄影棚",142,0,0,,,,,"<p style=""text-align: left;""><span style=""font-size: larger;"">&nbsp;&nbsp;&nbsp;&nbsp;<img src=""/A_UpLoad/image/2014070813350292.jpg"" alt="""" width=""650"" height=""432"" />&nbsp; <br />
&nbsp;&nbsp;&nbsp;&nbsp; <br />
&nbsp;&nbsp;&nbsp;&nbsp;&nbsp;&nbsp;&nbsp; 作为上海首屈一指的摄影棚 Studio515不仅提供理想的拍摄场地 器材租赁 各类商业摄影拍摄服务也一应俱全 能为所有来工作的客户提供愉快的拍摄体验 Studio515坐落于上海市区 靠近上海火车站 拥有市中心大型的专业摄影场地 总面积超过1300平方 内设3个摄影棚 确保满足各种不同规模的拍摄需要&nbsp; 环境优良， 3个影棚面积分别是300平方的旗舰棚Studio-A 150平方的Studio-B和260平方的Studioio-C&nbsp; 旗舰A棚拥有10米*8.5米 层高6米的超大无影墙 开放式的布光空间纵深可达16米 棚内设有办公区 会议区 休息区 化妆区 更衣棚等 并为摄影师提供各种专业器材 并使拍摄更为专业。<br />
<br />
进口器材：Broncolor （Grafit A4 Scoro S）&nbsp; Profoto（Pro10 8A D1 B2 B3）等各类进口摄影灯&nbsp; 苹果Imac 5K高配电脑&nbsp; 苹果MacBookPro高配笔记本&nbsp; 苹果27寸2K 5K专业显示器，佳能5d4 5ds相机及各类镜头<br />
<br />
国产器材：金贝P1200W&nbsp; P600W 不同瓦数灯光及灯具附件 配备重型摇臂灯架 专业器材一应俱全，十几色背景纸 多位专业摄影助理。<br />
<br />
配套设备：全自动咖啡机 饮水机，Bose音响，无线宽带，电脑，复印传真机，微波炉，冰箱， 提供冷热饮，包括可乐、咖啡 ，5台5P柜式冷暖大金空调。<br />
<br />
适合拍摄：各种消费电子品、食品、日 用品、工业品、家具、家电、服装、人像、时尚大片、影视tvc拍摄等绝佳之选。<br />
<br />
<br />
影棚位于上海市区内环边上 上海火车站板块 地铁1号线延长路站 交通十分便利 创意园区内配套汉庭经济型酒店和立体停车库</span><span style=""font-size: medium;""><span style=""font-family: 宋体;""> <br />
</span></span></p>
<p><span style=""font-size: medium;""><span style=""font-family: 宋体;""> </span></span></p>
<h3><span style=""color: rgb(255, 102, 0);"">Studio515 AB棚地址：上海市静安区洛川中路840号E构空间创意园D栋4楼 （近普善路）<br />
</span></h3>
<h3><span style=""color: rgb(255, 102, 0);"">Studio515 C棚地址：上海市静安区洛川中路1158号名士街创意园B1北二区515室 （近沪太路）</span></h3>
<h3><span style=""color: rgb(255, 102, 0);"">Studio515 Office地址：上海市静安区洛川中路840号E构空间创意园E栋3楼 （近普善路）</span></h3>
<h3><span style=""color: rgb(255, 102, 0);""> <br />
联系电话 13818198787 021-56831983 联系人 Yuki</span><br />
<br />
<img src=""/A_UpLoad//2014052408141732.jpg"" alt="""" width=""650"" height=""399"" /><br />
<span style=""font-size: medium;""><span style=""font-family: 宋体;""> </span></span></h3>","515workshop",0,0,0,0,"2012/2/14, 16:28:28",6,0,0,0,0,,,,10
143,"S/S TONY JEANS LOOKBOOK",452,530,0,,,," S/S TONY JEANS LOOKBOOK 摄影棚 515 摄影 Yuki_He 化妆 陈菲菲  服装造型 小雄","<p><img src=""/A_UpLoad//2012030917423752.jpg"" alt="""" width=""700"" height=""461"" /></p>","515",0,0,0,0,"2012/3/6, 16:56:32",25,0,0,0,0,,,,10
144,"《Femina 》",452,528,0,,,,"摄影棚：515workshop   摄影师：Yuki He  插画：官纯","<p>&nbsp;</p>
<p style=""text-align: left""><img src=""/A_UpLoad//2012030917362426.jpg"" width=""700"" height=""429"" align=""left"" alt="""" /><br />
<br />
<br />
<br />
<br />
<br />
<br />
<br />
<br />
&nbsp;</p>
<p style=""text-align: left"">&nbsp;</p>
<p style=""text-align: left"">&nbsp;</p>
<p style=""text-align: left"">&nbsp;</p>
<p style=""text-align: left"">&nbsp;</p>
<p style=""text-align: left"">&nbsp;</p>
<p style=""text-align: left""><br />
&nbsp;&nbsp;</p>
<p><img src=""/A_UpLoad//2012030917370716.jpg"" width=""700"" height=""429"" align=""left"" alt="""" /></p>
<p>&nbsp;</p>
<p>&nbsp;</p>
<p>&nbsp;</p>
<p>&nbsp;</p>
<p>&nbsp;</p>
<p>&nbsp;</p>
<p>&nbsp;</p>
<p>&nbsp;</p>
<p>&nbsp;</p>
<p>&nbsp;</p>
<p>&nbsp;<br />
<br />
<br />
<img src=""/A_UpLoad//2012030917372630.jpg"" alt="""" width=""800"" height=""490"" align=""left"" /></p>","515",0,0,0,0,"2012/3/9, 17:37:33",9,0,0,0,0,,,,10
146,"Studio515 租赁价格",142,0,0,,,,"上海市区1000平方双商业影棚租赁 ","<p><span style=""color: rgb(255, 102, 0);"">Studio A:</span></p>
<p>L16m * W16.5m * H6m 300m&sup2; ( 4F / 四层 ) L10m * W8.5m * H6m Cyclorama 无影墙<br />
<br />
平面拍摄 Picture shooting<br />
<br />
<span style=""color: rgb(255, 0, 0);"">&yen;5000 / Day(10hrs)<br />
<br />
&yen;4000 / Half day(5 hrs) <br />
<br />
&yen;500 / Hrs(超时、搭建)</span><br />
<br />
影视拍摄 Video shooting<br />
<br />
<span style=""color: rgb(255, 0, 0);"">&yen;6000 / Day(10hrs)<br />
<br />
&yen;5000 / Half day(5 hrs) <br />
<br />
&yen;600 / Hrs(超时、搭建)</span><br />
<br />
<br />
Air conditioner/冷暖空调<br />
<br />
Makeup area/化妆区域<br />
<br />
Meeting area/休息区域<br />
<br />
Coffee machine/咖啡机<br />
<br />
Power 380V/220V<br />
<br />
WIFI/无线网络<br />
<br />
<br />
All rates is not including tax , will add 10% if VAT FAPIAO is needed.<br />
<br />
所有的报价均不包含增值税税金,如需开具增值税发票,将额外收取10%的税金。<br />
<br />
Flat shooting free equipment:C-Stand、2 Super boom、6 JinBei、Equipment accessory.<br />
<br />
免费提供的器材:c形灯架、2个挑杆、6个国产灯,各类灯具附件。</p>
<p><br />
<span style=""color: rgb(255, 102, 0);"">Studio515 </span><span style=""color: rgb(255, 102, 0);""><span style=""color: rgb(255, 102, 0);"">AB棚</span>地址：上海市静安区洛川中路840号E构空间创意园D栋4楼（近普善路 ）</span> 影棚位于上海市区内环边上 地铁1号线延长路站 交通十分便利。<br />
<br />
租赁联系：13818198787&nbsp; YUKI</p>
<p><br />
<br />
<img alt="""" src=""/A_UpLoad//2016011822501649.jpg"" width=""650"" height=""460"" /><br />
<br />
<img src=""/A_UpLoad//2014052118081943.jpg"" alt="""" width=""650"" height=""432"" /><br />
<br />
<img src=""/A_UpLoad//2014052118202949.jpg"" alt="""" width=""650"" height=""432"" /><br />
<br />
<img src=""/A_UpLoad//2014052117492153.jpg"" alt="""" width=""650"" height=""432"" /><br />
<br />
<img src=""/A_UpLoad//2014052118091866.jpg"" alt="""" width=""650"" height=""432"" /><br />
<br />
<img src=""/A_UpLoad//2014052117513317.jpg"" alt="""" width=""650"" height=""432"" /><br />
<br />
<span style=""color: rgb(255, 102, 0);"">Studio B：</span></p>
<p>L12m * W10m * H6m 150m&sup2; (4F / 四层) L8m * W5m * H6m Cyclorama 无影墙<br />
<br />
平面拍摄 Picture shooting<br />
<br />
<span style=""color: rgb(255, 0, 0);"">&yen;3500 / Day(10hrs) </span></p>
<p><span style=""color: rgb(255, 0, 0);"">&yen;3000 / Half day(5 hrs) <br />
<br />
&yen;350 / Hrs(超时、搭建)</span><br />
<br />
影视拍摄 Video shooting<br />
<br />
<span style=""color: rgb(255, 0, 0);"">&yen;4000 / Day(10hrs) </span></p>
<p><span style=""color: rgb(255, 0, 0);"">&yen;3500 / Half day(5 hrs) <br />
<br />
&yen;400 / Hrs(超时、搭建)</span></p>
<p><br />
Air conditioner/冷暖空调<br />
<br />
Makeup area/化妆区域<br />
<br />
Meeting area/休息区域<br />
<br />
Coffee machine/咖啡机<br />
<br />
Power 380V/220V<br />
<br />
WIFI/无线网络<br />
<br />
&nbsp; <br />
All rates is not including tax , will add 10% if VAT FAPIAO is needed.<br />
<br />
所有的报价均不包含增值税税金,如需开具增值税发票,将额外收取10%的税金。<br />
<br />
Flat shooting free equipment:C-Stand、2 Super boom、6 JinBei、Equipment accessory.<br />
<br />
免费提供的器材:c形灯架、2个挑杆、6个国产灯,各类灯具附件。 <br />
<br />
<br />
<span style=""color: rgb(255, 102, 0);"">Studio515 AB棚地址：上海市静安区洛川中路840号E构空间创意园D栋4楼 （近普善路 ）</span> 影棚位于上海市区内环边上 地铁1号线延长路站 交通十分便利。<br />
<br />
租赁联系：13818198787&nbsp; Yuki</p>
<p><br />
<br />
<img src=""/A_UpLoad//2016011822484560.jpg"" alt="""" width=""650"" height=""460"" /><br />
<br />
<img src=""/A_UpLoad//2014052117540115.jpg"" alt="""" width=""650"" height=""432"" /><br />
<br />
<img src=""/A_UpLoad//2014052118125781.jpg"" alt="""" width=""650"" height=""432"" /><br />
<br />
<img alt="""" src=""/A_UpLoad//2016011911563020.jpg"" width=""650"" height=""432"" /><br />
<br />
<img src=""/A_UpLoad//2014052117485088.jpg"" alt="""" width=""650"" height=""432"" /><br />
<br />
<img src=""/A_UpLoad//2016011911581557.jpg"" alt="""" width=""650"" height=""432"" /><br />
<br />
<br />
<span style=""font-size: small;"">Studio C：</span></p>
<p><span style=""font-size: small;"">L8.5m * W22.2m * H6.2m 260m&sup2; ( 4F / 四层 ) L8.5m * W8.5m * H6.2m Arc cyclorama 弧形无影墙<br />
<br />
平面拍摄 Picture shooting<br />
<span style=""color: rgb(255, 0, 0);""><br />
&yen;3000 / Day(10hrs)<br />
<br />
&yen;2500 / Half day(5 hrs) <br />
<br />
&yen;300 / Hrs(超时、搭建)</span><br />
<br />
影视拍摄 Video shooting<br />
<br />
</span><span style=""color: rgb(255, 0, 0);""><span style=""font-size: small;"">&yen;3500 / Day(10hrs)<br />
<br />
&yen;3000 / Half day(5 hrs)<br />
<br />
&yen;350 / Hrs(超时、搭建)<br />
</span></span><br />
<br />
Air conditioner/冷暖空调<br />
<br />
Makeup area/化妆区域<br />
<br />
Meeting area/休息区域<br />
<br />
Coffee machine/咖啡机<br />
<br />
Power 380V/220V<br />
<br />
WIFI/无线网络<br />
<br />
<br />
All rates is not including tax , will add 10% if VAT FAPIAO is needed.<br />
<br />
所有的报价均不包含增值税税金,如需开具增值税发票,将额外收取10%的税金。<br />
<br />
Flat shooting free equipment:C-Stand、2 Super boom、6 JinBei、Equipment accessory.<br />
<br />
免费提供的器材:c形灯架、2个挑杆、6个国产灯,各类灯具附件。</p>
<p><br />
<span style=""color: rgb(255, 102, 0);"">Studio515 C棚地址：上海市静安区洛川中路1158号名仕街B1北2 5层515室 （近沪太路 ）</span> 影棚位于上海市区内环边上 地铁1号线延长路站 交通十分便利。<br />
<br />
租赁联系：13818198787&nbsp; Yuki</p>
<p>&nbsp;</p>
<p style=""text-align: left""><img src=""/A_UpLoad//2016011823041835.jpg"" width=""500"" height=""1000"" alt="""" /><br />
<br />
<img src=""/A_UpLoad//2016011823132963.JPG"" alt="""" width=""650"" height=""447"" /><br />
<br />
<img src=""/A_UpLoad//2016011823045846.JPG"" alt="""" width=""650"" height=""464"" /><br />
<br />
<img src=""/A_UpLoad//2016011823052271.JPG"" alt="""" width=""650"" height=""432"" /><br />
<br />
<img src=""/A_UpLoad//2016011823065410.jpg"" alt="""" width=""650"" height=""381"" /><br />
<br />
<img src=""/A_UpLoad//2016011823053826.JPG"" alt="""" width=""650"" height=""432"" /><br />
<br />
<img src=""/A_UpLoad//2016011823062412.JPG"" alt="""" width=""650"" height=""432"" /></p>","515workshop",0,0,0,0,"2012/3/14, 11:48:05",5,0,0,0,0,,,,10
148,"AK",452,527,0,,,,"《小资风尚》杂志台湾艺人拍摄 摄影棚 515 摄影 Yuki_He 化妆 YY","<p><img src=""/A_UpLoad/image/2012032123380094.jpg"" width=""700"" height=""1555"" alt="""" /></p>","515",0,0,0,0,"2012/3/19, 21:02:20",20,0,0,0,0,,,,10
152,"SARAH JESSICA PARKER",452,527,0,,,,"Femina杂志 欲望都市女主角SARAH JESSICA PARKER跟拍 摄影 Yuki_He","<p><img src=""/A_UpLoad/image/2012032018462615.jpg"" width=""700"" height=""742"" alt="""" /></p>","515",0,0,0,0,"2012/3/20, 18:49:34",13,0,0,0,0,,,,10
153,"HONG",452,531,0,,,,"Chinajoy网络红人 朱弘  摄影 Yuki_He 化妆 陈菲菲","<p><img width=""900"" height=""453"" alt="""" src=""/A_UpLoad/image/2012032019274861.jpg"" /></p>","515",0,0,0,0,"2012/3/20, 19:18:11",3,0,0,0,0,,,,10
157,"M18 PINK",452,530,0,,,,"麦考林品牌PINK服装拍摄 摄影师：Yuki He  化妆：邹邹","<p><img src=""/A_UpLoad/image/2012032016332065.jpg"" width=""700"" height=""853"" alt="""" /></p>",,0,0,0,0,"2012/3/21, 07:26:07",23,0,0,0,0,,,,10
159,"S/S",452,530,0,,,,"品牌服装画册拍摄 摄影棚 515 摄影 Yuki_He 化妆 陈菲菲 ","<p><img alt="""" width=""800"" height=""1213"" src=""/A_UpLoad/image/2012032017293657.jpg"" /></p>
","515",0,0,0,0,"2012/3/21, 07:28:50",26,0,0,0,0,,,,10
160,"Hitao S/S",452,530,0,,,,"Hitao 湖南卫视海淘网电子商城服装拍摄 摄影棚 515 摄影 Yuki_He 化妆造型 D&O<br/>","<p><img src=""/A_UpLoad/image/2012031921041963.jpg"" alt="""" width=""700"" height=""496"" /></p>
<p><img src=""/A_UpLoad/image/2012031921050060.jpg"" alt="""" width=""700"" height=""657"" /></p>
<p><img src=""/A_UpLoad/image/2012031921052799.jpg"" alt="""" width=""700"" height=""502"" /></p>
<p><img src=""/A_UpLoad/image/2012031921060233.jpg"" alt="""" width=""700"" height=""558"" /></p>
<p>&nbsp;<img src=""/A_UpLoad/image/2012031921065863.jpg"" alt="""" width=""700"" height=""796"" /></p>",,0,0,0,0,"2012/3/21, 07:29:35",32,0,0,0,0,,,,10
161,"RAIN & MCM",452,527,0,,,,"Femina杂志 RAIN贴身跟拍 摄影师 Yuki_He","<p><img src=""/A_UpLoad/image/2012032115415399.jpg"" alt="""" width=""700"" height=""435"" /></p>
<p>&nbsp;</p>
<p><img src=""/A_UpLoad/image/2012032115430761.jpg"" alt="""" width=""700"" height=""662"" /></p>
<p>&nbsp;</p>
<p><img src=""/A_UpLoad/image/2012032116093978.jpg"" alt="""" width=""700"" height=""400"" /></p>
<p>&nbsp;</p>
<p><img src=""/A_UpLoad/image/2012032116552851.jpg"" width=""700"" height=""386"" alt="""" /></p>","515",0,0,0,0,"2012/3/21, 15:44:40",12,0,0,0,0,,,,10
162,"Elena",452,531,0,,,,"Elena Portait  摄影：YUKI_HE 化妆造型：MIKI 发型：张莉 服装：H&M HIUMAN CHAU","<p><img src=""/A_UpLoad/image/2012032200251810.jpg"" width=""700"" height=""2083"" alt="""" /></p>","515",0,0,0,0,"2012/3/22, 00:23:02",18,0,0,0,0,,,,10
163,"Assiya",452,531,0,,,,"Assiya Portait  摄影：YUKI_HE 化妆造型：陈菲菲","<p><img src=""/A_UpLoad/image/2012032200462674.jpg"" width=""700"" height=""316"" alt="""" /></p>","515",0,0,0,0,"2012/3/22, 00:46:48",18,0,0,0,0,,,,10
164,"Lena",452,531,0,,,,"Lena Portait  摄影：YUKI_HE 化妆造型：陈菲菲","<p><img src=""/A_UpLoad/image/2012032201442397.jpg"" width=""700"" height=""1558"" alt="""" /></p>","515",0,0,0,0,"2012/3/22, 01:53:18",14,0,0,0,0,,,,10
166,"Suzana",452,531,0,,,,"Suzana Portrait 摄影：Yuki_He 化妆：陈菲菲 服搭：卓玲","<p><img src=""/A_UpLoad/image/2012032218494254.JPG"" width=""700"" height=""692"" alt="""" /></p>","515",0,0,0,0,"2012/3/22, 18:52:12",17,0,0,0,0,,,,10
165,"M18 WOMEN & COLLEGE  S/S",452,530,0,,,,"麦考林品牌 WOMEN&COLLEGE S/S拍摄 摄影师 Yuki_He 化妆师 噜噜","<p><img alt="""" src=""/A_UpLoad//2013051614380737.jpg"" /><img alt="""" src=""/A_UpLoad//2013051614383965.jpg"" /></p>","515",0,0,0,0,"2012/3/22, 18:26:11",28,0,0,0,0,,,,10
169,"M18 PINK S/S",452,530,0,,,,"麦考林品牌PINK拍摄 摄影：Yuki_He 化妆：蔡芬芳 模特：黄一琳","<p><img src=""/A_UpLoad/image/2012032710463115.jpg"" width=""700"" height=""585"" alt="""" /></p>
<p><img src=""/A_UpLoad/image/2012032710585555.jpg"" width=""700"" height=""569"" alt="""" /></p>","515",0,0,0,0,"2012/3/26, 11:43:27",32,0,0,0,0,,,,10
170,"Yan Dingxian",452,527,0,,,,"新视线杂志 上海美术制片厂艺术家严定宪花絮拍摄 摄影：Yuki_He","<p><img src=""/A_UpLoad/image/2012032613311082.jpg"" width=""700"" height=""887"" alt="""" /></p>","515",0,0,0,0,"2012/3/26, 13:27:05",15,0,0,0,0,,,,10
171,"PARICK",452,527,0,,,,"开生蚝世界冠军 parick 摄影：Yuki_He","<p><img src=""/A_UpLoad/image/2012032614343593.jpg"" width=""700"" height=""1037"" alt="""" /></p>","515",0,0,0,0,"2012/3/26, 14:27:50",17,0,0,0,0,,,,10
172,"M18 COLLEGE S/S",452,530,0,,,,"麦考林品牌 COLLEGE S/S拍摄 摄影棚 515 摄影师 Yuki_He 化妆：D&O 模特 那一","<p><img src=""/A_UpLoad/image/2012040917075886.jpg"" width=""700"" height=""471"" alt="""" /></p>","515",0,0,0,0,"2012/3/27, 10:16:31",31,0,0,0,0,,,,10
173,"M18 RAMPAGE F/W",452,530,0,,,,"麦考林品牌 RAMPAGE F/W拍摄 摄影棚 515 摄影师 Yuki_He 化妆：D&O 模特：liza","<p><img src=""/A_UpLoad/image/2012032711181984.jpg"" width=""700"" height=""518"" alt="""" /></p>","515",0,0,0,0,"2012/3/27, 11:18:31",30,0,0,0,0,,,,10
174,"I-DOU LOOKBOOK S/S",452,530,0,,,,"I-DOU 欧美电子购物网 2012 LOOKBOOK S/S 摄影棚 515 摄影 Yuki_He 化妆 陈菲菲","<p><img src=""/A_UpLoad/image/2012032912561593.jpg"" width=""700"" height=""632"" alt="""" /></p>","515",0,0,0,0,"2012/3/29, 12:46:07",34,0,0,0,0,,,,10
175,"GZM SHOW",452,528,0,,,,"GZM FASHION SHOW 摄影 Yuki_He","<p><img src=""/A_UpLoad/image/2012032914523884.jpg"" alt="""" width=""700"" height=""298"" /></p>
<p><img src=""/A_UpLoad/image/2012032914533133.jpg"" alt="""" width=""700"" height=""354"" /></p>","515",0,0,0,0,"2012/3/29, 14:55:55",25,0,0,0,0,,,,10
176,"BAZAAR",452,527,0,,,,"BAZAAR 时尚芭莎明星慈善晚会 摄影 Yuki_He","<p><img src=""/A_UpLoad/image/2012040916333271.jpg"" width=""700"" height=""435"" alt="""" /><br />
<br />
<img src=""/A_UpLoad/image/2012040916291193.jpg"" width=""700"" height=""691"" alt="""" /></p>","515",0,0,0,0,"2012/4/9, 15:36:30",30,0,0,0,0,,,,10
177,"I-DOU LOOKBOOK S/S",452,530,0,,,,"I-DOU LOOKBOOK S/S 摄影 YUKI_HE","<p><img src=""/A_UpLoad/image/2012041519162743.jpg"" alt="""" width=""700"" height=""351"" /></p>","515",0,0,0,0,"2012/4/15, 19:15:22",31,0,0,0,0,,,,10
178,"M18 COLLEGE S/S",452,530,0,,,,"麦考林品牌 COLLEGE S/S拍摄 摄影棚 515 摄影师 Yuki_He  模特 那一","<p><img src=""/A_UpLoad/image/2012041519571188.jpg"" width=""700"" height=""522"" alt="""" /></p>","515",0,0,0,0,"2012/4/15, 19:57:27",38,0,0,0,0,,,,10
180,"MARTIN FOR I-DOU S/S",452,530,0,,,,"I-DOU设计师款拍摄 摄影 YUKI_HE 编辑 徐涵  化妆 张涛 模特 justyna","<p>&nbsp;</p>
<p><img src=""/A_UpLoad/image/2012042519055390.jpg"" width=""700"" height=""321"" alt="""" /></p>
<p><br />
<img src=""/A_UpLoad/image/2012042518303257.jpg"" alt="""" width=""700"" height=""321"" /></p>","515",0,0,0,0,"2012/4/25, 18:20:24",40,0,0,0,0,,,,10
183,"HITAO OANA S/S",452,530,0,,,,"湖南卫视嗨淘品牌OANA欧娜形象片拍摄   摄影师：Yuki_He   化妆造型：D&O","<p><img src=""/A_UpLoad//2012052413543923.jpg"" width=""700"" height=""1506"" alt="""" /><img src=""/A_UpLoad//2012052413424722.jpg"" width=""700"" height=""451"" alt="""" /></p>
<p>&nbsp;</p>
<p><img src=""/A_UpLoad//2012070417430896.jpg"" width=""700"" height=""521"" alt="""" /></p>
<p>&nbsp;</p>
<p>&nbsp;</p>
<p><img src=""/A_UpLoad//2012052413192992.jpg"" width=""700"" height=""573"" alt="""" /></p>","515",0,0,0,0,"2012/5/24, 13:10:43",42,0,0,0,0,,,,10
185,"M18 COLLECTION",452,530,0,,,,"麦考林品牌COLLECTION形象片拍摄   摄影师：Yuki_He   化妆造型：D&O","<p><img src=""/A_UpLoad//2012052510100026.jpg"" width=""700"" height=""318"" alt="""" /></p>","515",0,0,0,0,"2012/5/25, 10:10:12",41,0,0,0,0,,,,10
186,"I-DOU S/S",452,530,0,,,,"I-DOU形象片拍摄   摄影师：Yuki_He   化妆造型：CICI","<p><img src=""/A_UpLoad//2012070417230013.jpg"" width=""700"" height=""467"" alt="""" /></p>
<p><img src=""/A_UpLoad//2012070417232365.jpg"" alt="""" width=""700"" height=""467"" /></p>
<p><img src=""/A_UpLoad//2012070417260664.jpg"" alt="""" width=""700"" height=""450"" /></p>
<p><img src=""/A_UpLoad//2012070417270351.jpg"" alt="""" width=""700"" height=""450"" /></p>","515",0,0,0,0,"2012/6/15, 14:40:59",43,0,0,0,0,,,,10
187,"HUANG LIN",452,527,0,,,,"《小资CHIC!》杂志  歌手黄龄拍摄","<p><img src=""/A_UpLoad//2012071614005562.jpg"" width=""700"" height=""479"" alt="""" /></p>","515",0,0,0,0,"2012/7/16, 14:01:03",44,0,0,0,0,,,,10
191,"BAILIAN F/W",452,530,0,,,,"百利安秋冬内衣画册拍摄 摄影：Yuki_He  化妆：李阳","<p><img src=""/A_UpLoad//2012073107015941.jpg"" width=""700"" height=""1549"" alt="""" /></p>","515",0,0,0,0,"2012/7/30, 22:10:03",47,0,0,0,0,,,,10
192,"LADYPOPE F/W",452,530,0,,,,"服装品牌ladypope秋冬形象片拍摄 摄影：Yuki_He 服装造型：陈星如 化妆：宋飞","<p><img src=""/A_UpLoad//2012082814123050.jpg"" width=""700"" height=""467"" alt="""" /></p>
<p><img alt="""" src=""/A_UpLoad//2012082814132711.jpg"" width=""700"" height=""467"" /></p>","515",0,0,0,0,"2012/8/28, 14:16:26",49,0,0,0,0,,,,10
193,"KITE",452,530,0,,,,"雪地靴品牌KITE秋冬形象片拍摄 摄影：Yuki_He 服装造型：陈菲菲","<p><img src=""/A_UpLoad//2012082815422942.jpg"" width=""700"" height=""1379"" alt="""" /></p>","515",0,0,0,0,"2012/8/28, 14:47:58",48,0,0,0,0,,,,10
208,"I-DOU  S/S",452,530,0,,,,"I-DOU lookbook拍摄 摄影：yuki_he 化妆：沈飞<br/>","<p><img src=""/A_UpLoad//2013011411270627.jpg"" alt="""" width=""700"" height=""405"" /><img src=""/A_UpLoad//2013011411280863.jpg"" alt="""" width=""700"" height=""361"" /></p>","515workshop",0,0,0,0,"2012/12/27, 17:28:01",60,0,0,0,0,,,,10
132,"JEMMY",452,531,0,,,,"摄影棚 515 摄影 Yuki_He 模特 JEMMY  化妆LYDIA  服装造性 WILL","<p><img src=""/A_UpLoad/image/2012032123500622.jpg"" width=""700"" height=""1011"" alt="""" /></p>","515",0,0,0,0,"2012/1/8, 15:38:46",3,0,0,0,0,,,,10
194,"I-DOU F/W",452,530,0,,,,"I-DOU欧美服饰 F/W拍摄 摄影：Yuki_He  化妆：陈菲菲","<p><img src=""/A_UpLoad//2012083106571338.jpg"" width=""700"" height=""732"" alt="""" /></p>","515",0,0,0,0,"2012/8/31, 06:57:29",50,0,0,0,0,,,,10
197,"DONGFANGYIZHOU",452,528,0,,,,"东方壹周杂志大片拍摄 摄影 yuki_he 化妆 孙奇 服搭 will 发型 jashon<br/>","<p><img src=""/A_UpLoad//2012110116551434.jpg"" alt="""" width=""700"" height=""520"" /><img src=""/A_UpLoad//2012110116554552.jpg"" alt="""" width=""700"" height=""470"" /><img src=""/A_UpLoad//2012110116571147.jpg"" alt="""" width=""700"" height=""517"" /></p>","515workshop",0,0,0,0,"2012/11/1, 17:00:10",51,0,0,0,0,,,,10
199,"POLARONE",452,526,0,,,,"PolarOne眼镜形象片拍摄 摄影 yuki_he 化妆 沈飞<br/>","<p><img src=""/A_UpLoad//2012120313215819.jpg"" width=""700"" height=""434"" alt="""" /><img src=""/A_UpLoad//2012120313253019.jpg"" width=""700"" height=""452"" alt="""" /></p>","515workshop",0,0,0,0,"2012/11/7, 19:45:37",52,0,0,0,0,,,,10
203,"BAILIAN S/S",452,530,0,,,,"百利安春夏拍摄 摄影：yuki_he","<p><img src=""/A_UpLoad//2012120618582195.jpg"" alt="""" width=""700"" height=""320"" /><img src=""/A_UpLoad//2012120618585623.jpg"" alt="""" width=""700"" height=""268"" /><img src=""/A_UpLoad//2012120618592053.jpg"" alt="""" width=""700"" height=""239"" /></p>","515workshop",0,0,0,0,"2012/12/6, 18:57:02",56,0,0,0,0,,,,10
204,"M18 PHANCY  S/S",452,530,0,,,,"麦考林PHANCY夏装拍摄 摄影：yuki_he 化妆师：Luckly","<p><img src=""/A_UpLoad//2012121009512222.jpg"" alt="""" width=""700"" height=""1020"" /><img src=""/A_UpLoad//2012121009444714.jpg"" alt="""" width=""700"" height=""998"" /></p>","515workshop",0,0,0,0,"2012/12/7, 18:41:28",57,0,0,0,0,,,,10
206,"CALVIN KLEIN(CHINA)",452,530,0,,,,"CK中国电商拍摄 摄影：515workshop","<p><img src=""/A_UpLoad//2012121018030279.jpg"" width=""700"" height=""429"" alt="""" /><img src=""/A_UpLoad//2012121018032827.jpg"" alt="""" width=""700"" height=""597"" /></p>","515workshop",0,0,0,0,"2012/12/10, 18:04:03",58,0,0,0,0,,,,10
210,"I-DOU  S/S",452,530,0,,,,"I-DOU lookbook拍摄 摄影：yuki_he 化妆：沈飞<br/>","<p><img src=""/A_UpLoad//2013011711281997.jpg"" width=""700"" height=""377"" alt="""" /><img src=""/A_UpLoad//2013011711283816.jpg"" alt="""" width=""700"" height=""207"" /><img src=""/A_UpLoad//2013011711285282.jpg"" alt="""" width=""700"" height=""216"" /></p>","515workshop",0,0,0,0,"2013/1/16, 17:23:32",62,0,0,0,0,,,,10
212,"ID   F/W",452,530,0,,,,"ESOE 旗下品牌id  秋冬画册拍摄 摄影：yuki_he 化妆师：D&O<br/>","<p><img alt="""" src=""/A_UpLoad//2013031410233035.jpg"" width=""650"" height=""450"" /><img src=""/A_UpLoad//2013031410235455.jpg"" alt="""" width=""650"" height=""426"" /><img alt="""" src=""/A_UpLoad//2013031410242747.jpg"" width=""650"" height=""437"" /><img alt="""" src=""/A_UpLoad//2013031410250077.jpg"" width=""650"" height=""430"" /></p>","515workshop",0,0,0,0,"2013/3/14, 10:25:27",64,0,0,0,0,,,,10
328,"Kipling Video",452,530,0,,,,,"<div id=""player885925-parent"" style=""text-align: center;"">
<div style=""border-style: none; height: 468px; width: 780px; overflow: hidden; background-color: rgb(220, 220, 220); background-image: url(http://www.studio515.cn/A_UpLoadTool/editor/plugins/flvPlayer/flvPlayer.gif); background-repeat:no-repeat; background-position:center;""><script src=""http://www.studio515.cn/A_UpLoadTool/editor/plugins/flvPlayer/swfobject.js"" type=""text/javascript""></script>
<div id=""player885925""><a href=""http://www.macromedia.com/go/getflashplayer"">Get the Flash Player</a> to see this player.
<div id=""player885925-config"" style=""display: none;visibility: hidden;width: 0px;height:0px;overflow: hidden;"">url=http://img.studio515.cn/20181220/17-08-03%20kipling%20%E6%97%85%E8%A1%8C%E9%94%A6%E5%9B%8A%E7%AC%AC%E5%9B%9B%E7%89%88.mp4 iurl=/A_UpLoad/image/2018112100231920.jpg width=780 height=468 loop=false play=false downloadable=false fullscreen=true displayNavigation=true displayDigits=true playlistThumbs=false</div>
</div>
<script type=""text/javascript"">
	var s1 = new SWFObject(""http://www.studio515.cn/A_UpLoadTool/editor/plugins/flvPlayer/mediaplayer.swf"",""single"",""780"",""468"",""7"");
	s1.addVariable(""width"",""780"");
	s1.addVariable(""height"",""468"");
	s1.addVariable(""autostart"",""false"");
	s1.addVariable(""file"",""http://img.studio515.cn/20181220/17-08-03%20kipling%20%E6%97%85%E8%A1%8C%E9%94%A6%E5%9B%8A%E7%AC%AC%E5%9B%9B%E7%89%88.mp4"");
	s1.addVariable(""repeat"",""false"");
	s1.addVariable(""image"",""/A_UpLoad/image/2018112100231920.jpg"");
	s1.addVariable(""showdownload"",""false"");
	s1.addVariable(""link"",""http://img.studio515.cn/20181220/17-08-03%20kipling%20%E6%97%85%E8%A1%8C%E9%94%A6%E5%9B%8A%E7%AC%AC%E5%9B%9B%E7%89%88.mp4"");
	s1.addParam(""allowfullscreen"",""true"");
	s1.addVariable(""showdigits"",""true"");
	s1.addVariable(""shownavigation"",""true"");
	s1.addVariable(""logo"","""");
	s1.write(""player885925"");
</script></div>
</div>
<p>&nbsp;</p>
<p><span style=""color: rgb(0, 0, 0);"">&nbsp;</span><a href=""http://img.studio515.cn/20181220/17-08-03%20kipling%20%E6%97%85%E8%A1%8C%E9%94%A6%E5%9B%8A%E7%AC%AC%E5%9B%9B%E7%89%88.mp4""><span style=""color: rgb(0, 0, 0);"">手机播放点击</span></a></p>","Studio515",0,0,0,0,"2018/11/20, 23:34:15",172,0,0,0,0,,,,10
329,"Kipling Video",452,530,0,,,,,"<div id=""player540843-parent"" style=""text-align: center;"">
<div style=""border-style: none; height: 468px; width: 780px; overflow: hidden; background-color: rgb(220, 220, 220); background-image: url(http://www.studio515.cn/A_UpLoadTool/editor/plugins/flvPlayer/flvPlayer.gif); background-repeat:no-repeat; background-position:center;""><script src=""http://www.studio515.cn/A_UpLoadTool/editor/plugins/flvPlayer/swfobject.js"" type=""text/javascript""></script>
<div id=""player540843"">
<p style=""text-align: left;""><a href=""http://www.macromedia.com/go/getflashplayer"">Get the Flash Player</a> to see this player.</p>
<div id=""player540843-config"" style=""display: none;visibility: hidden;width: 0px;height:0px;overflow: hidden;"">url=http://img.studio515.cn/20181220/2017-12-17%EF%BC%88kipling%EF%BC%891080%E6%96%B0logo.mp4 iurl=/A_UpLoad/image/2018112100002273.jpg width=780 height=468 loop=false play=false downloadable=false fullscreen=true displayNavigation=true displayDigits=true playlistThumbs=false</div>
</div>
<script type=""text/javascript"">
	var s1 = new SWFObject(""http://www.studio515.cn/A_UpLoadTool/editor/plugins/flvPlayer/mediaplayer.swf"",""single"",""780"",""468"",""7"");
	s1.addVariable(""width"",""780"");
	s1.addVariable(""height"",""468"");
	s1.addVariable(""autostart"",""false"");
	s1.addVariable(""file"",""http://img.studio515.cn/20181220/2017-12-17%EF%BC%88kipling%EF%BC%891080%E6%96%B0logo.mp4"");
	s1.addVariable(""repeat"",""false"");
	s1.addVariable(""image"",""/A_UpLoad/image/2018112100002273.jpg"");
	s1.addVariable(""showdownload"",""false"");
	s1.addVariable(""link"",""http://img.studio515.cn/20181220/2017-12-17%EF%BC%88kipling%EF%BC%891080%E6%96%B0logo.mp4"");
	s1.addParam(""allowfullscreen"",""true"");
	s1.addVariable(""showdigits"",""true"");
	s1.addVariable(""shownavigation"",""true"");
	s1.addVariable(""logo"","""");
	s1.write(""player540843"");
</script></div>
</div>
<p><span style=""color: rgb(0, 0, 0);"">&nbsp;</span><a href=""http://img.studio515.cn/20181220/2017-12-17%EF%BC%88kipling%EF%BC%891080%E6%96%B0logo.mp4""><span style=""color: rgb(0, 0, 0);"">手机播放点击</span></a></p>","Studio515",0,0,0,0,"2018/11/20, 23:49:14",173,0,0,0,0,,,,10
168,"BMW SUPER BIKE",452,526,0,,,,"BMW重机车平面广告   摄影：Yuki_He","<p><img src=""/A_UpLoad/image/2012032315000741.jpg"" alt="""" width=""700"" height=""425"" /></p>
<p>&nbsp;</p>
<p><img src=""/A_UpLoad/image/2012032316460453.jpg"" alt="""" width=""700"" height=""736"" /></p>","515",0,0,0,0,"2012/3/23, 14:22:27",33,0,0,0,0,,,,10
225,"ID COLLECTION",452,530,0,,,,"515 studio","<div id=""player28932-parent"" style=""text-align: center;"">
<div style=""border-style: none; height: 464px; width: 800px; overflow: hidden; background-color: rgb(220, 220, 220); background-image: url(/A_UpLoadTool/editor/plugins/flvPlayer/flvPlayer.gif); background-repeat:no-repeat; background-position:center;margin-left: auto;margin-right: auto;""><script src=""/A_UpLoadTool/editor/plugins/flvPlayer/swfobject.js"" type=""text/javascript""></script>
<div id=""player28932""><a href=""http://www.macromedia.com/go/getflashplayer"">Get the Flash Player</a> to see this player.
<div id=""player28932-config"" style=""display: none;visibility: hidden;width: 0px;height:0px;overflow: hidden;"">url=/A_UpLoad/file/idshow.flv iurl=/A_UpLoad/image/11.jpg width=800 height=464 loop=false play=false downloadable=false fullscreen=false displayNavigation=true displayDigits=true align=center dispPlaylist=none playlistThumbs=false</div>
</div>
<script type=""text/javascript"">
	var s1 = new SWFObject(""/A_UpLoadTool/editor/plugins/flvPlayer/mediaplayer.swf"",""single"",""800"",""464"",""7"");
	s1.addVariable(""width"",""800"");
	s1.addVariable(""height"",""464"");
	s1.addVariable(""autostart"",""false"");
	s1.addVariable(""file"",""/A_UpLoad/file/idshow.flv"");
	s1.addVariable(""repeat"",""false"");
	s1.addVariable(""image"",""/A_UpLoad/image/11.jpg"");
	s1.addVariable(""showdownload"",""false"");
	s1.addVariable(""link"",""/A_UpLoad/file/idshow.flv"");
	s1.addParam(""allowfullscreen"",""false"");
	s1.addVariable(""showdigits"",""true"");
	s1.addVariable(""shownavigation"",""true"");
	s1.addVariable(""logo"","""");
	s1.write(""player28932"");
</script></div>
</div>","Yuki_He",0,0,0,0,"2013/7/8, 11:30:00",73,0,0,0,0,,,,10
228,"ID SHOWROOM",452,530,0,,,,"515 studio","<div style=""text-align: center;"" id=""player350878-parent"">
<div style=""border-style: none; height: 464px; width: 800px; overflow: hidden; background-color: rgb(220, 220, 220); background-image: url(/A_UpLoadTool/editor/plugins/flvPlayer/flvPlayer.gif); background-repeat:no-repeat; background-position:center;margin-left: auto;margin-right: auto;""><script src=""/A_UpLoadTool/editor/plugins/flvPlayer/swfobject.js"" type=""text/javascript""></script>
<div id=""player350878""><a href=""http://www.macromedia.com/go/getflashplayer"">Get the Flash Player</a> to see this player.
<div style=""display: none;visibility: hidden;width: 0px;height:0px;overflow: hidden;"" id=""player350878-config"">url=/A_UpLoad/file/showroom.flv iurl=/A_UpLoad/image/2013070921525773.jpg width=800 height=464 loop=false play=false downloadable=false fullscreen=true displayNavigation=true displayDigits=true align=center dispPlaylist=none playlistThumbs=false</div>
</div>
<script type=""text/javascript"">
	var s1 = new SWFObject(""/A_UpLoadTool/editor/plugins/flvPlayer/mediaplayer.swf"",""single"",""800"",""464"",""7"");
	s1.addVariable(""width"",""800"");
	s1.addVariable(""height"",""464"");
	s1.addVariable(""autostart"",""false"");
	s1.addVariable(""file"",""/A_UpLoad/file/showroom.flv"");
	s1.addVariable(""repeat"",""false"");
	s1.addVariable(""image"",""/A_UpLoad/image/2013070921525773.jpg"");
	s1.addVariable(""showdownload"",""false"");
	s1.addVariable(""link"",""/A_UpLoad/file/showroom.flv"");
	s1.addParam(""allowfullscreen"",""true"");
	s1.addVariable(""showdigits"",""true"");
	s1.addVariable(""shownavigation"",""true"");
	s1.addVariable(""logo"","""");
	s1.write(""player350878"");
</script></div>
</div>
<p>&nbsp;</p>","Yuki_He",0,0,0,0,"2013/7/9, 21:35:58",72,0,0,0,0,,,,10
238,"Studio515 商业摄影师简介",452,531,0,,,,,"<p style=""text-align: left;""><span style=""font-size: medium;""><img alt="""" src=""/A_UpLoad//2013112917583476.jpg"" width=""272"" height=""265"" /><img src=""/A_UpLoad//2013112918011247.png"" alt="""" width=""454"" height=""265"" /></span><span style=""font-size: medium;""><span style=""font-family: 宋体;""><br />
</span></span></p>
<p style=""text-align: left;""><span style=""font-size: medium;""><span style=""font-family: 宋体;""><br />
贺佳奇 Yuki He 上海人 狮子座 1983年8月3日<br />
&nbsp;&nbsp; <br />
80后上海商业摄影师 2006年接触商业摄影 合作于上海众多服装品牌 长期拍摄各类线上线下的服装大片和平面广告  拍摄经验丰富 时尚适应力强 主攻时装和广告摄影 并拥有1000平方上海市区摄影公司</span></span></p>
<p style=""text-align: left;""><span style=""font-size: medium;""><span style=""font-family: 宋体;""> 目前为沪上知名杂志《伊周》《红秀》《橘子orange》《周末画报》《品位》《YOHO 潮流志》《UP》《皆喜》《东方一周》《小资》都着有长期时装大片和明星拍摄的合作&nbsp;  </span></span></p>
<p><span style=""font-size: medium;""><span style=""font-family: 宋体;"">长期合作品牌 adidas（中国） 迪卡侬（中国） Calvin Klein（中国）JORYA卓雅  Bread n Butter JZ-玖姿 MOISSAC BASIC HOUSE LISALISA 皮尔卡丹 波司登 恩瑟avrala 蜜桃派 水中花 谬诗 OURQ 史努比  红黄蓝  巴布豆 芝麻开门 宝马BMW 21世纪地产  剪刀石头布 唯品会特卖网 麦考林国际邮购 乐蜂女性购物网 湖南卫视嗨淘购物平台, I-DOU欧美服饰电子购物  悦己购物网 等服装品牌和平台</span></span><span style=""font-size: medium;""><br />
</span></p>","studio515",0,0,1,0,"2013/11/29, 17:59:48",0,0,0,0,0,,,,10
241,"DUO LA XIAN NI",452,530,0,,,,"515 studio","<p><img src=""/A_UpLoad//2014032921080921.jpg"" alt="""" width=""700"" height=""348"" /><br />
<br />
<img src=""/A_UpLoad//2014032921082857.jpg"" alt="""" width=""700"" height=""347"" /></p>","Studio515",0,0,0,0,"2014/3/29, 20:59:14",79,0,0,0,0,,,,10
245,"《DA RI ZI》 Guo Cai Jie",452,527,0,,,,"515 studio","<p><img src=""/A_UpLoad//2014070822413468.jpg"" alt="""" width=""700"" height=""911"" /></p>
<p><img src=""/A_UpLoad//2014070817255732.jpg"" alt="""" width=""700"" height=""468"" /><br />
<br />
<img src=""/A_UpLoad//2014070817435859.jpg"" alt="""" width=""700"" height=""468"" /></p>
<p>&nbsp;<img src=""/A_UpLoad//2014070817272534.jpg"" alt="""" width=""700"" height=""468"" /></p>","Yuki_He",0,0,0,0,"2014/7/8, 17:28:23",50,0,0,0,0,,,,10
322,"Able Jeans",452,530,0,,,,"515 studio","<p><img src=""/A_UpLoad//2018110511474262.jpg"" alt="""" width=""700"" height=""467"" /><br />
<br />
<img src=""/A_UpLoad//2018110511480345.jpg"" alt="""" width=""500"" height=""815"" /><br />
<br />
<img src=""/A_UpLoad//2018110511481775.jpg"" alt="""" width=""700"" height=""467"" /><br />
<br />
<img src=""/A_UpLoad//2018110511483510.jpg"" alt="""" width=""500"" height=""750"" /><br />
<br />
<img src=""/A_UpLoad//2018110511485088.jpg"" alt="""" width=""500"" height=""750"" /><br />
<br />
<img src=""/A_UpLoad//2018110512314888.jpg"" width=""500"" height=""750"" alt="""" /><br />
<br />
<img src=""/A_UpLoad//2018110511492170.jpg"" alt="""" width=""500"" height=""750"" /><br />
<br />
<img src=""/A_UpLoad//2018110511493764.jpg"" alt="""" width=""500"" height=""750"" /><br />
<br />
<img src=""/A_UpLoad//2018110511495027.jpg"" alt="""" width=""500"" height=""750"" /><br />
&nbsp;</p>","Yuki_He",0,0,0,0,"2018/11/5, 11:15:24",168,0,0,0,0,,,,10
323,"Lewitt",452,0,0,,,,"515 studio","<p><img src=""/A_UpLoad//2018110514305245.jpg"" alt="""" width=""500"" height=""750"" /><br />
<br />
<img src=""/A_UpLoad//2018110514304049.jpg"" alt="""" width=""500"" height=""750"" /><br />
<br />
<img src=""/A_UpLoad//2018110514320229.jpg"" alt="""" width=""500"" height=""750"" /><br />
<br />
<img src=""/A_UpLoad//2018110514312687.jpg"" alt="""" width=""500"" height=""750"" /><br />
<br />
<img src=""/A_UpLoad//2018110514310660.jpg"" alt="""" width=""500"" height=""750"" /><br />
<br />
<img src=""/A_UpLoad//2018110514371857.jpg"" alt="""" width=""500"" height=""750"" /><br />
<br />
<img src=""/A_UpLoad//2018110514314657.jpg"" alt="""" width=""500"" height=""750"" /><br />
<br />
<img src=""/A_UpLoad//2018110514330489.jpg"" alt="""" width=""500"" height=""750"" /><br />
<br />
<img src=""/A_UpLoad//2018110514322846.jpg"" alt="""" width=""500"" height=""750"" /></p>","Yuki_He",0,0,0,0,"2018/11/5, 14:37:44",169,0,0,0,0,,,,10
253,"new balance AW",452,530,0,,,,"515 studio","<p>&nbsp;</p>
<p style=""text-align: center;""><img src=""/A_UpLoad//2016111010495828.jpg"" alt="""" width=""650"" height=""1396"" /><img src=""/A_UpLoad//2016111010501641.jpg"" alt="""" width=""650"" height=""1381"" /><img src=""/A_UpLoad//2016111010503174.jpg"" alt="""" width=""650"" height=""1438"" /></p>","Yuki_he",0,0,0,0,"2016/11/7, 15:23:49",164,0,0,0,0,,,,10
254,"new balance AW",452,530,0,,,,"515 studio","<p style=""text-align: center;""><img src=""/A_UpLoad//2016111512013047.jpg"" alt="""" width=""700"" height=""1987"" /><img src=""/A_UpLoad//2016111111372633.jpg"" alt="""" width=""700"" height=""1966"" /></p>","Yuki_he",0,0,0,0,"2016/11/11, 11:38:19",103,0,0,0,0,,,,10
255,"new balance AW",452,530,0,,,,"515 studio","<p style=""text-align: center;""><img src=""/A_UpLoad//2016120516283863.jpg"" alt="""" width=""700"" height=""2078"" /><img src=""/A_UpLoad//2016120516285276.jpg"" alt="""" width=""700"" height=""1996"" /></p>","Yuki_he",0,0,0,0,"2016/11/11, 13:47:55",104,0,0,0,0,,,,10
266,"Decathlon Kipsta",452,530,0,,,,"515 studio","<p style=""text-align: center;""><img src=""/A_UpLoad//2018041809453559.jpg"" width=""700"" height=""1003"" alt="""" /></p>","Yuki_he",0,0,0,0,"2017/3/13, 10:03:01",105,0,0,0,0,,,,10
145,"TIAMANTTI",452,526,0,,,,"剪刀石头布的高端品牌TIAMANTTI帝幔整体软装广告 摄影 Yuki_He<br/>","<p><img src=""/A_UpLoad/image/2012031208583589.jpg"" width=""700"" height=""868"" alt="""" /></p>
<p><img src=""/A_UpLoad/image/2012031209035835.jpg"" width=""700"" height=""1070"" alt="""" /></p>","515",0,0,0,0,"2012/3/12, 08:59:49",10,0,0,0,0,,,,10
280,"Plory",452,530,0,,,,"515 studio","<p><img src=""/A_UpLoad//2018041909565048.jpg"" height=""1173"" width=""700"" alt="""" /></p>
<p><img src=""/A_UpLoad//2018041909571687.jpg"" height=""850"" width=""700"" alt="""" /></p>","Yuki_He",0,0,0,0,"2018/4/19, 09:57:30",159,0,0,0,0,,,,10
290,"Skechers Woman",452,530,0,,,,"515 studio","<p><img src=""/A_UpLoad//2018042317005790.jpg"" height=""1261"" width=""700"" alt="""" /><img src=""/A_UpLoad//2018042317010879.jpg"" height=""1428"" width=""700"" alt="""" /><img src=""/A_UpLoad//2018042317011569.jpg"" height=""1298"" width=""700"" alt="""" /><img src=""/A_UpLoad//2018042317012377.jpg"" height=""965"" width=""700"" alt="""" /></p>","Yuki_He",0,0,0,0,"2018/4/23, 16:31:39",164,0,0,0,0,,,,10
296,"Under Armour",452,530,0,,,,"515 studio","<p><img src=""/A_UpLoad//2018080209394144.jpg"" height=""309"" width=""700"" alt="""" /></p>","Yuki_He",0,0,0,0,"2018/5/14, 15:55:41",163,0,0,0,0,,,,10
297,"Skechers Performance",452,530,0,,,,"515 studio","<p><img src=""/A_UpLoad//2018053015161656.jpg"" height=""845"" width=""700"" alt="""" /></p>
<p><img src=""/A_UpLoad//2018053015162936.jpg"" height=""779"" width=""700"" alt="""" /></p>
<p><img src=""/A_UpLoad//2018053015163998.jpg"" height=""937"" width=""700"" alt="""" /></p>
<p><img src=""/A_UpLoad//2018053015164958.jpg"" height=""592"" width=""700"" alt="""" /></p>
<p><img src=""/A_UpLoad//2018053015170490.jpg"" alt="""" height=""511"" width=""650"" /></p>
<p><img src=""/A_UpLoad//2018053015171349.jpg"" height=""879"" width=""700"" alt="""" /></p>","Yuki_He",0,0,0,0,"2018/5/30, 15:17:20",155,0,0,0,0,,,,10
298,"Kipling",452,530,0,,,,,"<p><img src=""/A_UpLoad//2018053015174955.jpg"" height=""896"" width=""700"" alt="""" /></p>
<p><img src=""/A_UpLoad//2018053015180060.jpg"" height=""1271"" width=""700"" alt="""" /></p>
<p><img src=""/A_UpLoad//2018053015181273.jpg"" height=""911"" width=""700"" alt="""" /></p>
<p><img src=""/A_UpLoad//2018053015182323.jpg"" alt="""" height=""486"" width=""650"" /></p>","Yuki_He",0,0,0,0,"2018/5/30, 15:18:37",137,0,0,0,0,,,,10
299,"Levis",452,530,0,,,,"515 studio","<p><img src=""/A_UpLoad//2018110213454962.jpg"" width=""700"" height=""1564"" alt="""" /><img src=""/A_UpLoad//2018110213460927.jpg"" width=""700"" height=""1030"" alt="""" /><img src=""/A_UpLoad//2018110213462314.jpg"" width=""700"" height=""1319"" alt="""" /></p>","Yuki_He",0,0,0,0,"2018/5/30, 15:41:34",140,0,0,0,0,,,,10
300,"Initial",452,530,0,,,,"515 studio","<p><img src=""/A_UpLoad//2018060509232337.jpg"" height=""1572"" width=""700"" alt="""" /></p>
<p><img src=""/A_UpLoad//2018053110172115.jpg"" height=""1111"" width=""700"" alt="""" /></p>
<p><img src=""/A_UpLoad//2018053110173154.jpg"" alt="""" height=""1005"" width=""650"" /></p>
<p>&nbsp;</p>
<p>&nbsp;</p>","Yuki_He",0,0,0,0,"2018/5/31, 10:15:33",151,0,0,0,0,,,,10
302,"Under Armour",452,530,0,,,,"515 studio","<p><img src=""/A_UpLoad//2018111509132261.jpg"" width=""700"" height=""900"" alt="""" /></p>","Yuki_He",0,0,0,0,"2018/8/2, 09:26:41",163,0,0,0,0,,,,10
303,"Skechers Kids",452,530,0,,,,"515 studio","<p><img src=""/A_UpLoad//2018080816435255.jpg"" height=""1586"" width=""700"" alt="""" /></p>
<p><img src=""/A_UpLoad//2018080816442730.jpg"" height=""1085"" width=""700"" alt="""" /></p>
<p><img src=""/A_UpLoad//2018082417384317.jpg"" height=""503"" width=""700"" alt="""" /></p>","Yuki_He",0,0,0,0,"2018/8/8, 16:44:38",100,0,0,0,0,,,,10
307,"Plory",452,530,0,,,,"515 studio","<p><img src=""/A_UpLoad//2018081311500654.jpg"" alt="""" width=""650"" height=""1071"" /></p>
<p><img src=""/A_UpLoad//2018081311515557.jpg"" alt="""" width=""650"" height=""1431"" /></p>","Yuki_He",0,0,0,0,"2018/8/13, 11:52:03",155,0,0,0,0,,,,10
308,"New balance",452,530,0,,,,"515 studio","<p><img src=""/A_UpLoad//2018082409322633.jpg"" width=""700"" height=""1077"" alt="""" /></p>
<p>&nbsp;</p>","Yuki_He",0,0,0,0,"2018/8/13, 13:13:48",100,0,0,0,0,,,,10
309,"Plory",452,530,0,,,,"515 studio","<p><img src=""/A_UpLoad//2018081313143647.jpg"" height=""1532"" width=""700"" alt="""" /></p>
<p><img src=""/A_UpLoad//2018081313144933.jpg"" height=""1136"" width=""700"" alt="""" /></p>",,0,0,0,0,"2018/8/13, 13:14:54",159,0,0,0,0,,,,10
311,"New balance",452,530,0,,,,"515 studio","<p><img src=""/A_UpLoad//2018081313190842.jpg"" alt="""" width=""700"" height=""1297"" /></p>
<p><img src=""/A_UpLoad//2018081313192235.jpg"" alt="""" width=""700"" height=""1661"" /></p>","Yuki_He",0,0,0,0,"2018/8/13, 13:19:38",160,0,0,0,0,,,,10
312,"Plory",452,530,0,,,,"515 studio","<p><img src=""/A_UpLoad//2018081409415568.jpg"" height=""1590"" width=""700"" alt="""" /></p>
<p><img src=""/A_UpLoad//2018081409425648.jpg"" height=""1022"" width=""700"" alt="""" /></p>",,0,0,0,0,"2018/8/14, 09:44:38",158,0,0,0,0,,,,10
313,"Plory",452,530,0,,,,"515 studio","<p><img src=""/A_UpLoad//2018081410381198.jpg"" height=""1635"" width=""700"" alt="""" /></p>
<p><img src=""/A_UpLoad//2018081410382141.jpg"" height=""1093"" width=""700"" alt="""" /></p>
<p>&nbsp;</p>","Yuki_He",0,0,0,0,"2018/8/14, 10:38:34",159,0,0,0,0,,,,10
315,"Skechers",452,530,0,,,,"515 studio","<p><img src=""/A_UpLoad//2018081413322628.jpeg"" height=""1025"" width=""700"" alt="""" /></p>
<p><img src=""/A_UpLoad//2018081413323897.jpeg"" height=""699"" width=""700"" alt="""" /></p>
<p><img src=""/A_UpLoad//2018081413325558.jpeg"" height=""365"" width=""700"" alt="""" /></p>","Yuki_He",0,0,0,0,"2018/8/14, 13:33:01",156,0,0,0,0,,,,10
316,"Vgrass",452,530,0,,,,"515 studio","<p>&nbsp;</p>
<p><img src=""/A_UpLoad//2018102515422718.jpg"" height=""1710"" width=""700"" alt="""" /><img src=""/A_UpLoad//2018102515423887.jpg"" height=""1743"" width=""700"" alt="""" /><img src=""/A_UpLoad//2018102515424919.jpg"" height=""1267"" width=""700"" alt="""" /></p>","Yuki_He",0,0,0,0,"2018/8/20, 13:38:04",157,0,0,0,0,,,,10
317,"Skechers Man",452,530,0,,,,,"<p>&nbsp;</p>
<p>&nbsp;</p>
<p><img src=""/A_UpLoad//2018090612255666.jpg"" width=""700"" height=""2115"" alt="""" /><img src=""/A_UpLoad//2018090612263776.jpg"" alt="""" width=""700"" height=""1684"" /></p>","Yuki_He",0,0,0,0,"2018/8/24, 14:35:19",100,0,0,0,0,,,,10
318,"Skechers Kids",452,527,0,,,,"515 studio","<p>&nbsp;</p>
<p><img src=""/A_UpLoad//2018090615255761.jpg"" height=""1356"" width=""700"" alt="""" /><img src=""/A_UpLoad//2018090615263197.jpg"" height=""1427"" width=""700"" alt="""" /></p>","Yuki_He",0,0,0,0,"2018/8/24, 14:36:30",157,0,0,0,0,,,,10
319,"New balance",452,530,0,,,,"515 studio","<p><img src=""/A_UpLoad//2018102414101513.jpg"" height=""1639"" width=""700"" alt="""" /><img src=""/A_UpLoad//2018102414120186.jpg"" height=""1767"" width=""700"" alt="""" /><img src=""/A_UpLoad//2018102414122353.jpg"" height=""606"" width=""700"" alt="""" /></p>","Yuki_He",0,0,0,0,"2018/10/24, 14:12:51",165,0,0,0,0,,,,10
320,"Skechers Lesportsac",452,530,0,,,,"515 studio","<p><img src=""/A_UpLoad//2018103111434163.png"" width=""700"" height=""309"" alt="""" /><br />
<br />
<img src=""/A_UpLoad//2018103111435785.jpg"" width=""700"" height=""467"" alt="""" /><br />
<br />
<img src=""/A_UpLoad//2018103111442164.jpg"" width=""700"" height=""472"" alt="""" /><br />
<br />
<img src=""/A_UpLoad//2018103111445286.jpg"" width=""700"" height=""467"" alt="""" /><br />
<br />
<img src=""/A_UpLoad//2018103111451155.jpg"" width=""700"" height=""473"" alt="""" /><br />
<br />
<img src=""/A_UpLoad//2018103111452582.jpg"" width=""700"" height=""467"" alt="""" /><br />
<br />
<br />
<br />
</p>","Yuki_He",0,0,0,0,"2018/10/31, 10:04:11",174,0,0,0,0,,,,10
321,"Vgrass",452,530,0,,,,"515 studio","<p><img src=""/A_UpLoad//2018103111494769.jpg"" width=""700"" height=""467"" alt="""" /><br />
<br />
<img src=""/A_UpLoad//2018103111500257.jpg"" width=""700"" height=""467"" alt="""" /><br />
<br />
<img src=""/A_UpLoad//2018103111501756.jpg"" width=""500"" height=""744"" alt="""" /><br />
<br />
<img src=""/A_UpLoad//2018103111503479.jpg"" width=""500"" height=""750"" alt="""" /><br />
<br />
<img src=""/A_UpLoad//2018103111505865.jpg"" width=""500"" height=""750"" alt="""" /><br />
<br />
<img src=""/A_UpLoad//2018103111511589.jpg"" width=""500"" height=""750"" alt="""" /><br />
<br />
<img src=""/A_UpLoad//2018103111513026.jpg"" width=""500"" height=""750"" alt="""" /><br />
<br />
<img src=""/A_UpLoad//2018103111514828.jpg"" width=""500"" height=""695"" alt="""" /></p>","Yuki_He",0,0,0,0,"2018/10/31, 11:17:57",156,0,0,0,0,,,,10
324,"Skechers",452,530,0,,,,"515 studio","<p><img src=""/A_UpLoad//2018110610272547.jpg"" alt="""" width=""700"" height=""472"" /><br />
<br />
<img src=""/A_UpLoad//2018110609403041.jpg"" alt="""" width=""500"" height=""739"" /><br />
<br />
<img src=""/A_UpLoad//2018110611072659.jpg"" alt="""" width=""700"" height=""467"" /><br />
<br />
<img src=""/A_UpLoad//2018110609411965.jpg"" alt="""" width=""500"" height=""742"" /><br />
<br />
<img src=""/A_UpLoad//2018110610254219.jpg"" alt="""" width=""700"" height=""495"" /><br />
<br />
<img src=""/A_UpLoad//2018110610293763.jpg"" alt="""" width=""700"" height=""467"" /><br />
<br />
<img src=""/A_UpLoad//2018110610282638.jpg"" alt="""" width=""700"" height=""467"" /><br />
<br />
<img src=""/A_UpLoad//2018110609452895.jpg"" alt="""" width=""500"" height=""750"" /><br />
<br />
<img src=""/A_UpLoad//2018110609425099.jpg"" alt="""" width=""700"" height=""467"" /><br />
<br />
<img src=""/A_UpLoad//2018110609451166.jpg"" alt="""" width=""500"" height=""750"" /><br />
<br />
<img src=""/A_UpLoad//2018110610301255.jpg"" alt="""" width=""700"" height=""467"" /><br />
<br />
<img src=""/A_UpLoad//2018110609435965.jpg"" alt="""" width=""500"" height=""750"" /><br />
<br />
<img src=""/A_UpLoad//2018110609434275.jpg"" alt="""" width=""500"" height=""750"" /></p>","Yuki_He",0,0,0,0,"2018/11/6, 09:49:05",173,0,0,0,0,,,,10
330,"Mmuses",452,526,0,,,,"515 studio","<p><img src=""/A_UpLoad//2019013116172353.jpg"" alt="""" width=""700"" height=""467"" /><br />
<br />
<img src=""/A_UpLoad//2019013116215077.jpg"" alt="""" width=""700"" height=""467"" /><br />
&nbsp;</p>","Yuki_He",0,0,0,0,"2019/1/31, 16:19:39",175,0,0,0,0,,,,10
188,"BARBARA",452,531,0,,,,"BARBARA肖像拍摄  摄影：yuki_he  服装造型：miki","<p><img src=""/A_UpLoad/image/2012072618282487.jpg"" width=""700"" height=""352"" alt="""" /></p>","515",0,0,0,0,"2012/7/25, 18:20:01",45,0,0,0,0,,,,10
281,"Plory",452,530,0,,,,"515 studio","<p><img src=""/A_UpLoad//2018041909575394.jpg"" height=""1016"" width=""700"" alt="""" /></p>
<p>&nbsp;</p>
<p><img src=""/A_UpLoad//2018041909581970.jpg"" height=""533"" width=""700"" alt="""" /></p>
<p><img src=""/A_UpLoad//2018041909580685.jpg"" height=""913"" width=""700"" alt="""" /></p>
<p><img src=""/A_UpLoad//2018041909583183.jpg"" height=""965"" width=""700"" alt="""" /></p>","Yuki_He",0,0,0,0,"2018/4/19, 09:58:39",157,0,0,0,0,,,,10
244,"Bread n Butter S/W",452,530,0,,,,"515 studio","<p style=""text-align: center;""><img src=""/A_UpLoad//2014070817011142.jpg"" width=""700"" height=""525"" alt="""" /><img src=""/A_UpLoad//2014070817081030.jpg"" width=""700"" height=""525"" alt="""" /></p>","Studio515",0,0,0,0,"2014/7/8, 17:01:45",85,0,0,0,0,,,,10
207,"V&Y",452,530,0,,,,"V&Y男装2013 S/S 画册拍摄 摄影：yuki_he 化妆师：沈飞","<p><img src=""/A_UpLoad//2012122710122180.jpg"" alt="""" width=""700"" height=""394"" /><img src=""/A_UpLoad//2012122609435772.jpg"" alt="""" width=""700"" height=""341"" /></p>","515workshop",0,0,0,0,"2012/12/25, 17:48:25",59,0,0,0,0,,,,10
202,"KALICCI",452,530,0,,,,"KALICCI服装画册拍摄 摄影：yuki_he","<p>&nbsp;</p>
<p><img src=""/A_UpLoad//2012121009394239.jpg"" alt="""" width=""700"" height=""971"" /><img src=""/A_UpLoad//2012121009400692.jpg"" alt="""" width=""700"" height=""867"" />&nbsp;</p>
<p>&nbsp;</p>
<p>&nbsp;</p>","515workshop",0,0,0,0,"2012/11/28, 13:56:55",55,0,0,0,0,,,,10
201,"M18 PHANCY",452,530,0,,,,"摄影：yuki_he 化妆 Lucky","<p>&nbsp;</p>
<p><img src=""/A_UpLoad//2012112011495953.jpg"" width=""700"" height=""548"" alt="""" /><img src=""/A_UpLoad//2012112011504943.jpg"" alt="""" width=""700"" height=""530"" /><img src=""/A_UpLoad//2012112011512951.jpg"" alt="""" width=""700"" height=""550"" /></p>
<p>&nbsp;</p>
<p>&nbsp;</p>
<p>&nbsp;</p>","515workshop",0,0,0,0,"2012/11/20, 11:20:43",54,0,0,0,0,,,,10
215,"LINCTEX F/W",452,530,0,,,,"515 studio","<p><img src=""/A_UpLoad//2013042314313437.jpg"" width=""700"" height=""858"" alt="""" /></p>","Yuki_He",0,0,0,0,"2013/4/23, 10:42:26",67,0,0,0,0,,,,10
230,"《GRAZIA》 SNAP",452,528,0,,,,"515 studio","<p><img src=""/A_UpLoad//2013071115044634.jpg"" alt="""" width=""700"" height=""447"" /></p>
<p><img src=""/A_UpLoad//2013071516222545.jpg"" alt="""" width=""700"" height=""450"" /></p>","Yuki_He",0,0,0,0,"2013/7/11, 15:05:54",74,0,0,0,0,,,,10
235,"I-DOU",452,530,0,,,,"515 studio","<p><img src=""/A_UpLoad//2013080713522621.jpg"" width=""700"" height=""1201"" alt="""" /></p>
<p>&nbsp;</p>","Yuki_He",0,0,0,0,"2013/8/7, 13:44:41",75,0,0,0,0,,,,10
243,"AVRALA F/W",452,530,0,,,,"515 studio","<p><img src=""/A_UpLoad//2014070811262768.jpg"" alt="""" width=""700"" height=""1462"" /><br />
<br />
<img src=""/A_UpLoad//2014070814233098.jpg"" alt="""" width=""700"" height=""1058"" /><br />
<br />
<img src=""/A_UpLoad//2014070823273833.jpg"" alt="""" width=""700"" height=""1541"" /></p>","Yuki_He",0,0,0,0,"2014/7/8, 11:27:31",83,0,0,0,0,,,,10
242,"LISA LISA F/W",452,530,0,,,,"515 studio","<p><img src=""/A_UpLoad//2014070810131895.jpg"" alt="""" width=""700"" height=""1003"" /><br />
<br />
<img src=""/A_UpLoad//2014070810134129.jpg"" alt="""" width=""700"" height=""1474"" /><br />
<br />
<img src=""/A_UpLoad//2014070811362736.jpg"" alt="""" width=""700"" height=""2046"" /></p>","Yuki_He",0,0,0,0,"2014/7/8, 10:14:32",82,0,0,0,0,,,,10
248,"adidas still photography",452,530,0,,,,"515 studio","<p style=""text-align: center;""><img src=""/A_UpLoad//2016100810461535.jpg"" width=""700"" height=""915"" alt="""" /><img src=""/A_UpLoad//2016100810465353.jpg"" alt="""" width=""700"" height=""890"" /><img src=""/A_UpLoad//2016100810471335.jpg"" alt="""" width=""700"" height=""949"" /></p>","Studio515",0,0,0,0,"2016/10/8, 10:47:34",87,0,0,0,0,,,,10
240,"I DOU LOOKBOOK",452,530,0,,,,"515 studio","<p><img src=""/A_UpLoad//2014022809050929.jpg"" alt="""" width=""700"" height=""498"" /><img src=""/A_UpLoad//2014022809052830.jpg"" alt="""" width=""700"" height=""515"" /><img src=""/A_UpLoad//2014022809054510.jpg"" alt="""" width=""700"" height=""505"" /></p>","Yuki_He",0,0,0,0,"2014/2/28, 09:05:57",79,0,0,0,0,,,,10
217,"I-DOU  F/W",452,530,0,,,,"515 studio","<p><img src=""/A_UpLoad//2013042517435858.jpg"" alt="""" width=""700"" height=""462"" /><img src=""/A_UpLoad//2013042517441138.jpg"" alt="""" width=""700"" height=""484"" /></p>","Yuki_He",0,0,0,0,"2013/4/25, 17:44:21",69,0,0,0,0,,,,10
167,"Zhou Li bo",452,527,0,,,,"为上海电视台节目组拍的周立波 摄影:Yuki_He","<p><img src=""/A_UpLoad/image/2012032219093265.jpg"" width=""700"" height=""465"" alt="""" /></p>","515",0,0,0,0,"2012/3/22, 19:10:32",13,0,0,0,0,,,,10
249,"adidas S/S Men",452,530,0,,,,"515 studio","<p>&nbsp;</p>
<p style=""text-align: center;""><img src=""/A_UpLoad//2016101418184635.jpg"" width=""700"" height=""2186"" alt="""" /><img src=""/A_UpLoad//2016101418191975.jpg"" alt="""" width=""700"" height=""1944"" /></p>","Yuki_he",0,0,0,0,"2016/10/14, 14:11:39",88,0,0,0,0,,,,10
237,"1933 MEN",452,530,0,,,,"515 studio","<p><img src=""/A_UpLoad//2013112911170995.jpg"" alt="""" width=""700"" height=""467"" /><br />
<br />
<img src=""/A_UpLoad//2013112910414010.jpg"" alt="""" width=""700"" height=""319"" /><br />
<br />
<img src=""/A_UpLoad//2013112910361150.jpg"" alt="""" width=""700"" height=""467"" /><br />
<br />
<img src=""/A_UpLoad//2013112910352410.jpg"" width=""700"" height=""529"" alt="""" /><br />
<br />
<img src=""/A_UpLoad//2013112911043510.jpg"" alt="""" width=""700"" height=""467"" /><br />
<br />
<img src=""/A_UpLoad//2013112910381164.jpg"" alt="""" width=""700"" height=""493"" /><br />
<br />
<img src=""/A_UpLoad//2013112910392580.jpg"" alt="""" width=""700"" height=""489"" /><br />
<br />
<img src=""/A_UpLoad//2013112910395954.jpg"" alt="""" width=""700"" height=""348"" /><br />
<br />
<img src=""/A_UpLoad//2013112910365057.jpg"" alt="""" width=""700"" height=""483"" /></p>","Yuki_He",0,0,0,0,"2013/11/29, 08:45:25",76,0,0,0,0,,,,10
250,"adidas S/S Women",452,530,0,,,,"515 studio","<p style=""text-align: center;""><img src=""/A_UpLoad//2016101911474167.jpg"" width=""700"" height=""2005"" alt="""" /><img src=""/A_UpLoad//2016101911483320.jpg"" width=""700"" height=""1955"" alt="""" /></p>","Yuki_he",0,0,0,0,"2016/10/19, 11:43:36",89,0,0,0,0,,,,10
251,"adidas  F/W Women",452,530,0,,,,"515 studio","<p style=""text-align: center;""><img src=""/A_UpLoad//2016101916485747.jpg"" width=""700"" height=""1595"" alt="""" /><img src=""/A_UpLoad//2016101916512313.jpg"" alt="""" width=""700"" height=""1905"" /></p>","Yuki_he",0,0,0,0,"2016/10/19, 16:49:24",90,0,0,0,0,,,,10
252,"adidas F/W Men",452,530,0,,,,"515 studio","<p style=""text-align: center;""><img src=""/A_UpLoad//2016110809404074.jpg"" alt="""" width=""700"" height=""1135"" /><img src=""/A_UpLoad//2016110116031955.jpg"" alt="""" width=""700"" height=""1539"" /><img src=""/A_UpLoad//2016110116033610.jpg"" alt="""" width=""700"" height=""1441"" /></p>","Yuki_he",0,0,0,0,"2016/11/1, 16:04:12",91,0,0,0,0,,,,10
257,"edela AW",452,530,0,,,,"515 studio","<p style=""text-align: center;""><img src=""/A_UpLoad//2016112111385730.jpg"" width=""700"" height=""1495"" alt="""" /><img src=""/A_UpLoad//2016112111391195.jpg"" width=""700"" height=""1710"" alt="""" /><img src=""/A_UpLoad//2016112111392441.jpg"" width=""700"" height=""1726"" alt="""" /></p>","Yuki_he",0,0,0,0,"2016/11/21, 11:40:49",107,0,0,0,0,,,,10
256,"new balance lookbook AW",452,530,0,,,,"515 studio","<p style=""text-align: center;""><img src=""/A_UpLoad//2016111710523036.jpg"" width=""700"" height=""1507"" alt="""" /><img src=""/A_UpLoad//2018041809553576.jpg"" width=""700"" height=""1590"" alt="""" /></p>
<p style=""text-align: center;""><img src=""/A_UpLoad//2016111710525982.jpg"" width=""700"" height=""1607"" alt="""" /></p>","Yuki_he",0,0,0,0,"2016/11/17, 10:55:20",105,0,0,0,0,,,,10
239,"S/S BONI LOOKBOOK",452,530,0,,,,"515 studio","<p><img src=""/A_UpLoad//2014022808304412.jpg"" width=""700"" height=""520"" alt="""" /><img src=""/A_UpLoad//2014022808305682.jpg"" width=""700"" height=""529"" alt="""" /><img src=""/A_UpLoad//2014022808330554.jpg"" width=""700"" height=""534"" alt="""" /><img src=""/A_UpLoad//2014022808314254.jpg"" width=""700"" height=""517"" alt="""" /></p>","Studio515",0,0,0,0,"2014/2/28, 08:16:22",81,0,0,0,0,,,,10
286,"New balance",452,530,0,,,,"515 studio","<p><img src=""/A_UpLoad//2018042315101630.jpg"" width=""700"" height=""484"" alt="""" /><img src=""/A_UpLoad//2018042315103163.jpg"" alt="""" width=""700"" height=""484"" /><img src=""/A_UpLoad//2018042315104622.jpg"" alt="""" width=""700"" height=""484"" /><img src=""/A_UpLoad//2018042315105818.jpg"" alt="""" width=""700"" height=""483"" /><img src=""/A_UpLoad//2018042315110879.jpg"" alt="""" width=""700"" height=""482"" /><img src=""/A_UpLoad//2018042315111922.jpg"" alt="""" width=""700"" height=""482"" /><img src=""/A_UpLoad//2018042315113899.jpg"" alt="""" width=""700"" height=""484"" /></p>
<p>&nbsp;</p>
<p>&nbsp;</p>","Yuki_He",0,0,0,0,"2018/4/19, 16:55:10",90,0,0,0,0,,,,10
285,"New balance",452,530,0,,,,"515 studio","<p><img src=""/A_UpLoad//2018042315073532.jpg"" height=""484"" width=""700"" alt="""" /><img src=""/A_UpLoad//2018042315075172.jpg"" height=""486"" width=""700"" alt="""" /><img src=""/A_UpLoad//2018042315080155.jpg"" height=""461"" width=""700"" alt="""" /><img src=""/A_UpLoad//2018042315081041.jpg"" height=""486"" width=""700"" alt="""" /><img src=""/A_UpLoad//2018042315082355.jpg"" height=""484"" width=""700"" alt="""" /><img src=""/A_UpLoad//2018042315083545.jpg"" height=""484"" width=""700"" alt="""" /><img src=""/A_UpLoad//2018042315084533.jpg"" height=""485"" width=""700"" alt="""" /><img src=""/A_UpLoad//2018042315085618.jpg"" height=""484"" width=""700"" alt="""" /><img src=""/A_UpLoad//2018042315090730.jpg"" height=""484"" width=""700"" alt="""" /></p>","Yuki_He",0,0,0,0,"2018/4/19, 16:45:48",158,0,0,0,0,,,,10
277,"Gozo",452,530,0,,,,"515 studio","<p><img src=""/A_UpLoad//2018041817541026.jpg"" width=""700"" height=""814"" alt="""" /></p>
<p><img src=""/A_UpLoad//2018041817542463.jpg"" width=""700"" height=""783"" alt="""" /></p>
<p><img src=""/A_UpLoad//2018041817543738.jpg"" width=""700"" height=""860"" alt="""" /></p>","Yuki_He",0,0,0,0,"2018/4/18, 17:54:47",116,0,0,0,0,,,,10
274,"Palladium",452,530,0,,,,"515 studio","<p>&nbsp;</p>
<p>&nbsp;</p>
<p><img src=""/A_UpLoad//2018041816330880.jpg"" alt="""" width=""650"" height=""464"" /></p>
<p><img src=""/A_UpLoad//2018041816322698.jpg"" alt="""" width=""650"" height=""434"" /></p>
<p><img src=""/A_UpLoad//2018041816324270.jpg"" alt="""" width=""650"" height=""434"" /></p>
<p><img src=""/A_UpLoad//2018041816325538.jpg"" alt="""" width=""650"" height=""434"" /></p>
<p><img src=""/A_UpLoad//2018041816320682.jpg"" alt="""" width=""650"" height=""434"" /></p>
<p><img src=""/A_UpLoad//2018041816331936.jpg"" alt="""" width=""650"" height=""465"" /></p>
<p>&nbsp;</p>","Yuki_He",0,0,0,0,"2018/4/18, 15:34:18",155,0,0,0,0,,,,10
283,"Calvin Klein",452,530,0,,,,"515 studio","<p><img src=""/A_UpLoad//2018041915294969.jpg"" width=""700"" height=""1158"" alt="""" /></p>
<p><img src=""/A_UpLoad//2018041915295828.jpg"" width=""700"" height=""991"" alt="""" /></p>
<p><img src=""/A_UpLoad//2018041915300839.jpg"" width=""700"" height=""1064"" alt="""" /></p>
<p><img src=""/A_UpLoad//2018041915301788.jpg"" width=""700"" height=""585"" alt="""" /></p>","Yuki_He",0,0,0,0,"2018/4/19, 15:30:47",122,0,0,0,0,,,,10
282,"JOJO",452,530,0,,,,"515 studio","<p><img src=""/A_UpLoad//2018041915260131.jpg"" width=""700"" height=""1145"" alt="""" /></p>
<p><img src=""/A_UpLoad//2018041915262275.jpg"" width=""700"" height=""1623"" alt="""" /></p>","Yuki_He",0,0,0,0,"2018/4/19, 15:26:41",121,0,0,0,0,,,,10
293,"Skechers Kids",452,530,0,,,,"515 studio","<p><img src=""/A_UpLoad//2018050316251680.jpg"" width=""700"" height=""1392"" alt="""" /></p>
<p><img src=""/A_UpLoad//2018050316252578.jpg"" width=""700"" height=""1126"" alt="""" /></p>
<p><img src=""/A_UpLoad//2018050316254174.jpg"" width=""700"" height=""1332"" alt="""" /></p>
<p><img src=""/A_UpLoad//2018050316255236.jpg"" width=""700"" height=""658"" alt="""" /></p>","Yuki_He",0,0,0,0,"2018/5/3, 16:26:10",132,0,0,0,0,,,,10
270,"Gozo",452,530,0,,,,"515 studio","<p><img src=""/A_UpLoad//2018041910194096.jpg"" alt="""" width=""700"" height=""1013"" /></p>
<p><img src=""/A_UpLoad//2018041910195174.jpg"" alt="""" width=""700"" height=""1455"" /></p>
<p>&nbsp;</p>
<p>&nbsp;</p>
<p><img src=""/A_UpLoad//2018041811161319.50"" alt="""" width=""650"" /></p>","Yuki_He",0,0,0,0,"2018/4/17, 17:33:00",109,0,0,0,0,,,,10
304,"Bgo",452,530,0,,,,"515 studio","<p><img src=""/A_UpLoad//2018082016515640.jpg"" height=""979"" width=""700"" alt="""" /></p>
<p><img src=""/A_UpLoad//2018082016524883.jpg"" height=""1118"" width=""700"" alt="""" /></p>
<p><img src=""/A_UpLoad//2018082016530387.jpg"" height=""1275"" width=""700"" alt="""" /></p>","Yuki_He",0,0,0,0,"2018/8/8, 17:05:47",143,0,0,0,0,,,,10
301,"Kipling",452,530,0,,,,"515 studio","<p><img src=""/A_UpLoad//2018060109481358.jpg"" height=""827"" width=""700"" alt="""" /></p>
<p><img src=""/A_UpLoad//2018060109483041.jpg"" height=""1209"" width=""700"" alt="""" /></p>
<p><img src=""/A_UpLoad//2018060109484310.jpg"" height=""676"" width=""700"" alt="""" /></p>","Yuki_He",0,0,0,0,"2018/6/1, 09:49:07",140,0,0,0,0,,,,10
295,"Scofield",452,530,0,,,,"515 studio","<p><img src=""/A_UpLoad//2018081311393094.jpg"" alt="""" width=""700"" height=""1709"" /></p>
<p><img src=""/A_UpLoad//2018081311394661.jpg"" alt="""" width=""700"" height=""1127"" /></p>
<p><img src=""/A_UpLoad//2018081311414760.jpg"" alt="""" width=""700"" height=""1100"" /></p>","Yuki_He",0,0,0,0,"2018/5/14, 15:45:52",150,0,0,0,0,,,,10
289,"Skechers Performance",452,530,0,,,,"515 studio","<p><img src=""/A_UpLoad//2018042317422015.jpg"" width=""700"" height=""920"" alt="""" /><img src=""/A_UpLoad//2018042317423056.jpg"" width=""700"" height=""820"" alt="""" /><img src=""/A_UpLoad//2018042317424010.jpg"" width=""700"" height=""975"" alt="""" /></p>","Yuki_He",0,0,0,0,"2018/4/23, 16:30:08",128,0,0,0,0,,,,10
294,"Skechers Woman＋Man",452,530,0,,,,"515 studio","<p><img src=""/A_UpLoad//2018050317563860.jpg"" width=""700"" height=""1299"" alt="""" /></p>
<p><img src=""/A_UpLoad//2018050317565033.jpg"" width=""700"" height=""1710"" alt="""" /></p>
<p><img src=""/A_UpLoad//2018050317570593.jpg"" width=""700"" height=""1639"" alt="""" /></p>
<p><img src=""/A_UpLoad//2018050317571660.jpg"" width=""700"" height=""1352"" alt="""" /></p>
<p>&nbsp;</p>
<p>&nbsp;</p>
<p>&nbsp;</p>","Yuki_He",0,0,0,0,"2018/5/3, 17:50:26",133,0,0,0,0,,,,10
288,"Bgo",452,530,0,,,,"515 studio","<p><img src=""/A_UpLoad//2018042313183053.jpg"" alt="""" width=""700"" height=""1161"" /></p>
<p><img src=""/A_UpLoad//2018042313184170.jpg"" alt="""" width=""700"" height=""1222"" /></p>
<p><img src=""/A_UpLoad//2018042313185231.jpg"" alt="""" width=""700"" height=""1200"" /></p>","Yuki_He",0,0,0,0,"2018/4/23, 13:18:58",127,0,0,0,0,,,,10
287,"Violayueng",452,530,0,,,,"515 studio","<p><img src=""/A_UpLoad//2018042310160127.jpg"" width=""700"" height=""1336"" alt="""" /></p>
<p><img src=""/A_UpLoad//2018042310163854.jpg"" width=""700"" height=""1454"" alt="""" /></p>
<p><img src=""/A_UpLoad//2018042310161715.jpg"" width=""700"" height=""995"" alt="""" /></p>","Yuki_He",0,0,0,0,"2018/4/23, 10:16:46",126,0,0,0,0,,,,10
284,"New balance",452,530,0,,,,"515 studio","<p><img src=""/A_UpLoad//2018042314565968.jpg"" alt="""" width=""700"" height=""484"" /><img src=""/A_UpLoad//2018042314571462.jpg"" width=""700"" height=""492"" alt="""" /><img src=""/A_UpLoad//2018042314590083.jpg"" width=""700"" height=""491"" alt="""" /><img src=""/A_UpLoad//2018042314591031.jpg"" alt="""" width=""700"" height=""505"" /><img src=""/A_UpLoad//2018042314592155.jpg"" width=""700"" height=""795"" alt="""" /><img src=""/A_UpLoad//2018042314593446.jpg"" alt="""" width=""700"" height=""493"" /><img src=""/A_UpLoad//2018042314594355.jpg"" alt="""" width=""700"" height=""491"" /><img src=""/A_UpLoad//2018042314595372.jpg"" alt="""" width=""700"" height=""483"" /><img src=""/A_UpLoad//2018042315000556.jpg"" width=""700"" height=""483"" alt="""" /></p>","Yuki_He",0,0,0,0,"2018/4/19, 16:33:06",166,0,0,0,0,,,,10
279,"JOJO",452,530,0,,,,"515 studio","<p><img src=""/A_UpLoad//2018041818095853.jpg"" width=""700"" height=""1532"" alt="""" /></p>
<p><img src=""/A_UpLoad//2018041818100723.jpg"" width=""700"" height=""1040"" alt="""" /></p>","Yuki_He",0,0,0,0,"2018/4/18, 18:05:14",118,0,0,0,0,,,,10
278,"Palladium",452,530,0,,,,"515 studio","<p><img src=""/A_UpLoad//2018041818004653.jpg"" width=""700"" height=""715"" alt="""" /></p>
<p><img src=""/A_UpLoad//2018041818005960.jpg"" width=""700"" height=""736"" alt="""" /></p>","Yuki_He",0,0,0,0,"2018/4/18, 18:01:09",156,0,0,0,0,,,,10
276,"beartwo",452,530,0,,,,"515 studio","<p><img src=""/A_UpLoad//2018041909442720.jpg"" width=""700"" height=""1516"" alt="""" /></p>
<p><img src=""/A_UpLoad//2018041909444131.jpg"" width=""700"" height=""1541"" alt="""" /></p>
<p><img src=""/A_UpLoad//2018041909445579.jpg"" width=""700"" height=""1543"" alt="""" /></p>
<p><img src=""/A_UpLoad//2018041909451263.jpg"" width=""700"" height=""458"" alt="""" /></p>","Yuki_He",0,0,0,0,"2018/4/18, 17:53:48",115,0,0,0,0,,,,10
273,"JOJO",452,530,0,,,,"515 studio","<p><img src=""/A_UpLoad//2018041813270278.jpg"" alt="""" width=""700"" height=""1294"" /></p>
<p><img src=""/A_UpLoad//2018041813271485.jpg"" alt="""" width=""700"" height=""1982"" /></p>","Yuki_He",0,0,0,0,"2018/4/18, 13:27:23",112,0,0,0,0,,,,10
272,"Gozo",452,530,0,,,,"515 studio","<p><img src=""/A_UpLoad//2018041811212748.jpg"" width=""700"" height=""353"" alt="""" /></p>
<p><img src=""/A_UpLoad//2018080609353356.jpg"" width=""700"" height=""359"" alt="""" /></p>","Yuki_He",0,0,0,0,"2018/4/18, 11:21:55",111,0,0,0,0,,,,10
271,"Chanun",452,530,0,,,,"515 studio","<p><img src=""/A_UpLoad//2018041910174423.jpg"" height=""1159"" width=""700"" alt="""" /></p>
<p><img src=""/A_UpLoad//2018041910175955.jpg"" height=""1455"" width=""700"" alt="""" /></p>
<p><img src=""/A_UpLoad//2018041910182784.jpg"" height=""534"" width=""700"" alt="""" /></p>","Yuki_He",0,0,0,0,"2018/4/17, 17:34:18",152,0,0,0,0,,,,10
314,"Chanun",452,530,0,,,,"515 studio","<p><img src=""/A_UpLoad//2018081411054641.jpeg"" alt="""" height=""1011"" width=""700"" /></p>
<p><img src=""/A_UpLoad//2018081411060073.jpeg"" alt="""" height=""1019"" width=""700"" /></p>
<p><img src=""/A_UpLoad//2018081411061442.jpeg"" height=""1015"" width=""700"" alt="""" /></p>","Yuki_He",0,0,0,0,"2018/8/14, 11:06:28",153,0,0,0,0,,,,10
269,"Imm",452,530,0,,,,"515 studio","<p><img src=""/A_UpLoad//2018041717175533.jpg"" height=""1016"" width=""700"" alt="""" /></p>
<p><img src=""/A_UpLoad//2018041717190769.jpg"" height=""1016"" width=""700"" alt="""" /></p>
<p><img src=""/A_UpLoad//2018041717192134.jpg"" alt="""" height=""951"" width=""650"" /></p>
<p><img src=""/A_UpLoad//2018041717193846.jpg"" height=""510"" width=""700"" alt="""" /></p>","Yuki_He",0,0,0,0,"2018/4/17, 17:19:44",154,0,0,0,0,,,,10
267,"Neiwai",452,530,0,,,,"515 studio","<p><img src=""/A_UpLoad//2018041714140691.jpg"" width=""700"" height=""1675"" alt="""" /><img src=""/A_UpLoad//2018041714142375.jpg"" width=""700"" height=""1302"" alt="""" /></p>","Yuki_He",0,0,0,0,"2018/4/17, 14:23:31",108,0,0,0,0,,,,10
268,"bread n butter",452,530,0,,,,"515 studio","<p><img src=""/A_UpLoad//2018041716302111.jpg"" width=""700"" height=""1461"" alt="""" /></p>
<p><img src=""/A_UpLoad//2018041716304345.jpg"" width=""700"" height=""1833"" alt="""" /></p>","Yuki_He",0,0,0,0,"2018/4/17, 16:31:22",107,0,0,0,0,,,,10
260,"Kipling",452,530,0,,,,"515 studio","<p style=""text-align: center;""><img src=""/A_UpLoad//2016112217341356.jpg"" width=""700"" height=""1364"" alt="""" /><img src=""/A_UpLoad//2016112217343259.jpg"" width=""700"" height=""1841"" alt="""" /></p>","Yuki_he",0,0,0,0,"2016/11/22, 17:35:18",105,0,0,0,0,,,,10
259,"Samansa Mos2",452,530,0,,,,"515 studio","<p style=""text-align: center;""><img src=""/A_UpLoad//2018041809441985.jpg"" alt="""" width=""700"" height=""2114"" /></p>
<p style=""text-align: center;""><img src=""/A_UpLoad//2018082417581521.jpg"" alt="""" width=""700"" height=""851"" /></p>","Yuki_he",0,0,0,0,"2016/11/22, 09:51:30",105,0,0,0,0,,,,10
218,"《ORANGE》",452,528,0,,,,"515 studio","<p><img src=""/A_UpLoad//2013050813463223.jpg"" alt="""" width=""700"" height=""452"" /><img src=""/A_UpLoad//2013050814562629.jpg"" alt="""" width=""700"" height=""455"" /><img src=""/A_UpLoad//2013050816170622.jpg"" alt="""" width=""700"" height=""445"" /></p>","Yuki_He",0,0,0,0,"2013/5/8, 13:47:03",63,0,0,0,0,,,,10
306,"Scofield",452,530,0,,,,"515 studio","<p><img src=""/A_UpLoad//2018081311470952.jpg"" height=""1647"" width=""700"" alt="""" /></p>
<p><img src=""/A_UpLoad//2018081311475117.jpg"" height=""1867"" width=""700"" alt="""" /></p>","Yuki_He",0,0,0,0,"2018/8/13, 11:48:15",155,0,0,0,0,,,,10
258,"Ehwg",452,530,0,,,,"515 studio","<p>&nbsp;</p>
<p style=""text-align: center;""><img src=""/A_UpLoad//2016120516360256.jpg"" width=""700"" height=""1982"" alt="""" /><img src=""/A_UpLoad//2016120516361799.jpg"" width=""700"" height=""1467"" alt="""" /></p>","Yuki_he",0,0,0,0,"2016/11/21, 16:54:47",105,0,0,0,0,,,,10
261,"Eland Kids",452,530,0,,,,"515 studio","<p style=""text-align: center;""><img src=""/A_UpLoad//2018082418531196.jpg"" width=""700"" height=""1731"" alt="""" /><img src=""/A_UpLoad//2016112217433684.jpg"" width=""700"" height=""1406"" alt="""" /><img src=""/A_UpLoad//2016112217430496.jpg"" width=""700"" height=""1378"" alt="""" /><img src=""/A_UpLoad//2016112217431799.jpg"" width=""700"" height=""1994"" alt="""" /></p>","Yuki_he",0,0,0,0,"2016/11/22, 17:43:51",105,0,0,0,0,,,,10
265,"TEENIE WEENIE AW MEN",452,530,0,,,,"515 studio","<p style=""text-align: center;""><img src=""/A_UpLoad//2016120216255835.jpg"" width=""700"" height=""1412"" alt="""" /><img src=""/A_UpLoad//2016120216245537.jpg"" width=""700"" height=""1521"" alt="""" /><img src=""/A_UpLoad//2016120216250935.jpg"" width=""700"" height=""965"" alt="""" /></p>","Yuki_He",0,0,0,0,"2016/12/2, 16:26:13",104,0,0,0,0,,,,10
264,"Decathlon Domyos",452,530,0,,,,"515 studio","<p style=""text-align: center;""><img src=""/A_UpLoad//2016120109511640.jpg"" width=""700"" height=""2694"" alt="""" /><img src=""/A_UpLoad//2016120109514036.jpg"" alt="""" width=""700"" height=""2166"" /><img src=""/A_UpLoad//2016120109520081.jpg"" alt="""" width=""700"" height=""2636"" /></p>","Yuki_he",0,0,0,0,"2016/12/1, 09:52:28",103,0,0,0,0,,,,10
263,"Decathlon Kipsta KV",452,530,0,,,,"515 studio","<p style=""text-align: center;""><img src=""/A_UpLoad//2016112816194229.jpg"" width=""700"" height=""1548"" alt="""" /><img src=""/A_UpLoad//2016112816200149.jpg"" alt="""" width=""700"" height=""1205"" /><img src=""/A_UpLoad//2016112816201553.jpg"" alt="""" width=""700"" height=""1131"" /></p>","Yuki_he",0,0,0,0,"2016/11/28, 16:20:53",102,0,0,0,0,,,,10
262,"SCFASHION AW",452,530,0,,,,"515 studio","<p style=""text-align: center;""><img src=""/A_UpLoad//2016112511042492.jpg"" width=""700"" height=""1253"" alt="""" /><img src=""/A_UpLoad//2016112511043981.jpg"" width=""700"" height=""1533"" alt="""" /><img src=""/A_UpLoad//2016112511045354.jpg"" width=""700"" height=""1044"" alt="""" /></p>","Yuki_he",0,0,0,0,"2016/11/25, 11:05:22",101,0,0,0,0,,,,10
246,"SNOOPY",452,530,0,,,,"515 studio","<p style=""text-align: center;""><img src=""/A_UpLoad//2014071606521383.jpg"" width=""700"" height=""494"" alt="""" /><br />
<br />
<img src=""/A_UpLoad//2014071606524125.jpg"" width=""700"" height=""495"" alt="""" /><br />
<br />
<img src=""/A_UpLoad//2014071606530035.jpg"" width=""700"" height=""489"" alt="""" /><br />
<br />
<img src=""/A_UpLoad//2014071606532969.jpg"" width=""700"" height=""485"" alt="""" /><br />
<br />
<img src=""/A_UpLoad//2014071606535063.jpg"" width=""700"" height=""493"" alt="""" /><br />
<br />
<img src=""/A_UpLoad//2014071606540641.jpg"" width=""700"" height=""491"" alt="""" /></p>","Yuki_He",0,0,0,0,"2014/7/16, 06:54:55",86,0,0,0,0,,,,10
227,"ID SHOW OPEN",452,530,0,,,,"515 studio","<div id=""player138827-parent"" style=""text-align: center;"">
<div style=""border-style: none; height: 464px; width: 800px; overflow: hidden; background-color: rgb(220, 220, 220); background-image: url(/A_UpLoadTool/editor/plugins/flvPlayer/flvPlayer.gif); background-repeat:no-repeat; background-position:center;margin-left: auto;margin-right: auto;"">
<div id=""player944779-parent"" style=""text-align: center;"">
<div style=""border-style: none; height: 464px; width: 800px; overflow: hidden; background-color: rgb(220, 220, 220); background-image: url(/A_UpLoadTool/editor/plugins/flvPlayer/flvPlayer.gif); background-repeat:no-repeat; background-position:center;margin-left: auto;margin-right: auto;""><script src=""/A_UpLoadTool/editor/plugins/flvPlayer/swfobject.js"" type=""text/javascript""></script>
<div id=""player944779""><a href=""http://www.macromedia.com/go/getflashplayer"">Get the Flash Player</a> to see this player.
<div id=""player944779-config"" style=""display: none;visibility: hidden;width: 0px;height:0px;overflow: hidden;"">url=/A_UpLoad/file/0000000b.restored000000.flv iurl=/A_UpLoad/image/2013070917500323.jpg width=800 height=464 loop=false play=false downloadable=false fullscreen=true displayNavigation=true displayDigits=true align=center dispPlaylist=none playlistThumbs=false</div>
</div>
<script type=""text/javascript"">
	var s1 = new SWFObject(""/A_UpLoadTool/editor/plugins/flvPlayer/mediaplayer.swf"",""single"",""800"",""464"",""7"");
	s1.addVariable(""width"",""800"");
	s1.addVariable(""height"",""464"");
	s1.addVariable(""autostart"",""false"");
	s1.addVariable(""file"",""/A_UpLoad/file/0000000b.restored000000.flv"");
	s1.addVariable(""repeat"",""false"");
	s1.addVariable(""image"",""/A_UpLoad/image/2013070917500323.jpg"");
	s1.addVariable(""showdownload"",""false"");
	s1.addVariable(""link"",""/A_UpLoad/file/0000000b.restored000000.flv"");
	s1.addParam(""allowfullscreen"",""true"");
	s1.addVariable(""showdigits"",""true"");
	s1.addVariable(""shownavigation"",""true"");
	s1.addVariable(""logo"","""");
	s1.write(""player944779"");
</script></div>
</div>
<div id=""player138827"">
<div id=""player138827-config"" style=""display: none;visibility: hidden;width: 0px;height:0px;overflow: hidden;"">url=/A_UpLoad/file/0000000b.restored000000.flv iurl=/A_UpLoad/image/2013070917500323.jpg width=800 height=464 loop=false play=false downloadable=false fullscreen=false displayNavigation=true displayDigits=true align=center dispPlaylist=none playlistThumbs=false</div>
</div>
<script type=""text/javascript"">
	var s1 = new SWFObject(""/A_UpLoadTool/editor/plugins/flvPlayer/mediaplayer.swf"",""single"",""800"",""464"",""7"");
	s1.addVariable(""width"",""800"");
	s1.addVariable(""height"",""464"");
	s1.addVariable(""autostart"",""false"");
	s1.addVariable(""file"",""/A_UpLoad/file/0000000b.restored000000.flv"");
	s1.addVariable(""repeat"",""false"");
	s1.addVariable(""image"",""/A_UpLoad/image/2013070917500323.jpg"");
	s1.addVariable(""showdownload"",""false"");
	s1.addVariable(""link"",""/A_UpLoad/file/0000000b.restored000000.flv"");
	s1.addParam(""allowfullscreen"",""false"");
	s1.addVariable(""showdigits"",""true"");
	s1.addVariable(""shownavigation"",""true"");
	s1.addVariable(""logo"","""");
	s1.write(""player138827"");
</script></div>
</div>","Yuki_He",0,0,0,0,"2013/7/9, 17:44:00",73,0,0,0,0,,,,10
222,"WESTGATE MALL",452,528,0,,,,"515 studio","<p>&nbsp;<img src=""/A_UpLoad//2013070509470144.jpg"" alt="""" width=""700"" height=""467"" /></p>
<p><img src=""/A_UpLoad//2013070809122019.jpg"" alt="""" width=""700"" height=""467"" /></p>
<p><img src=""/A_UpLoad//2013070509474247.jpg"" alt="""" width=""700"" height=""467"" /></p>
<p><img src=""/A_UpLoad//2013070509475948.jpg"" alt="""" width=""700"" height=""467"" /></p>","Yuki_He",0,0,0,0,"2013/7/5, 09:42:47",71,0,0,0,0,,,,10
221,"《ORANGE》",452,528,0,,,,"515 studio","<p><img src=""/A_UpLoad//2013070509275898.jpg"" width=""700"" height=""452"" alt="""" /></p>
<p><img src=""/A_UpLoad//2013070509283177.jpg"" alt="""" width=""700"" height=""452"" /></p>
<p><img src=""/A_UpLoad//2013070509285736.jpg"" alt="""" width=""700"" height=""452"" /></p>","Yuki_He",0,0,0,0,"2013/7/5, 09:29:08",70,0,0,0,0,,,,10
216,"AVRORA F/W",452,530,0,,,,"515 studio","<p>&nbsp;</p>
<p><img src=""/A_UpLoad//2013042411331153.jpg"" width=""700"" height=""655"" alt="""" /><img src=""/A_UpLoad//2013042411334852.jpg"" alt="""" width=""700"" height=""463"" /><img src=""/A_UpLoad//2013042411345813.jpg"" alt="""" width=""700"" height=""425"" /><img src=""/A_UpLoad//2013042411372613.jpg"" alt="""" width=""700"" height=""439"" /><img src=""/A_UpLoad//2013042411373950.jpg"" alt="""" width=""700"" height=""445"" /></p>
<p>&nbsp;</p>
<p>&nbsp;</p>","Yuki_He",0,0,0,0,"2013/4/23, 17:06:29",68,0,0,0,0,,,,10
213,"ID F/W",452,530,0,,,,"515 studio","<p><img src=""/A_UpLoad//2013031410300589.jpg"" alt="""" width=""700"" height=""520"" /><img src=""/A_UpLoad//2013031410310267.jpg"" alt="""" width=""700"" height=""464"" /><img src=""/A_UpLoad//2013031410313436.jpg"" width=""700"" height=""488"" alt="""" /></p>","Yuki_He",0,0,0,0,"2013/3/14, 10:32:16",65,0,0,0,0,,,,10
209,"GMD  S/S",452,530,0,,,,"515 studio","<p><img src=""/A_UpLoad//2013011116024937.jpg"" width=""700"" height=""479"" alt="""" /><img src=""/A_UpLoad//2013011116033310.jpg"" width=""700"" height=""470"" alt="""" /><img src=""/A_UpLoad//2013011116040257.jpg"" width=""700"" height=""442"" alt="""" /></p>","Yuki_He",0,0,0,0,"2013/1/11, 12:09:15",61,0,0,0,0,,,,10
292,"Skechers Performance",452,530,0,,,,"515 studio","<p><img src=""/A_UpLoad//2018051413032571.jpg"" alt="""" width=""650"" height=""891"" /></p>
<p><img src=""/A_UpLoad//2018051413023990.jpg"" alt="""" width=""650"" height=""663"" /></p>","Yuki_He",0,0,0,0,"2018/4/25, 17:11:21",155,0,0,0,0,,,,10
291,"Skechers Woman",452,530,0,,,,"515 studio","<p><img src=""/A_UpLoad//2018042316514735.jpg"" width=""700"" height=""1430"" alt="""" /><img src=""/A_UpLoad//2018042316515970.jpg"" width=""700"" height=""1512"" alt="""" /></p>","Yuki_He",0,0,0,0,"2018/4/23, 16:52:04",130,0,0,0,0,,,,10
327,"Kipling Video",452,530,0,,,,,"<div id=""player984800-parent"" style=""text-align: center;"">
<div style=""border-style: none; height: 468px; width: 780px; overflow: hidden; background-color: rgb(220, 220, 220); background-image: url(http://www.studio515.cn/A_UpLoadTool/editor/plugins/flvPlayer/flvPlayer.gif); background-repeat:no-repeat; background-position:center;""><script src=""http://www.studio515.cn/A_UpLoadTool/editor/plugins/flvPlayer/swfobject.js"" type=""text/javascript""></script>
<div id=""player984800""><a href=""http://www.macromedia.com/go/getflashplayer"">Get the Flash Player</a> to see this player.
<div id=""player984800-config"" style=""display: none;visibility: hidden;width: 0px;height:0px;overflow: hidden;"">url=http://img.studio515.cn/20181220/17-08-03%20kipling%20%E8%BD%BB%E8%A3%85%E8%B4%AD%E7%AC%AC%E5%85%AD%E7%89%88.mp4 iurl=/A_UpLoad/image/2018112023231529.jpg width=780 height=468 loop=false play=false downloadable=false fullscreen=true displayNavigation=true displayDigits=true playlistThumbs=false</div>
</div>
<script type=""text/javascript"">
	var s1 = new SWFObject(""http://www.studio515.cn/A_UpLoadTool/editor/plugins/flvPlayer/mediaplayer.swf"",""single"",""780"",""468"",""7"");
	s1.addVariable(""width"",""780"");
	s1.addVariable(""height"",""468"");
	s1.addVariable(""autostart"",""false"");
	s1.addVariable(""file"",""http://img.studio515.cn/20181220/17-08-03%20kipling%20%E8%BD%BB%E8%A3%85%E8%B4%AD%E7%AC%AC%E5%85%AD%E7%89%88.mp4"");
	s1.addVariable(""repeat"",""false"");
	s1.addVariable(""image"",""/A_UpLoad/image/2018112023231529.jpg"");
	s1.addVariable(""showdownload"",""false"");
	s1.addVariable(""link"",""http://img.studio515.cn/20181220/17-08-03%20kipling%20%E8%BD%BB%E8%A3%85%E8%B4%AD%E7%AC%AC%E5%85%AD%E7%89%88.mp4"");
	s1.addParam(""allowfullscreen"",""true"");
	s1.addVariable(""showdigits"",""true"");
	s1.addVariable(""shownavigation"",""true"");
	s1.addVariable(""logo"","""");
	s1.write(""player984800"");
</script></div>
</div>
<p>&nbsp;<a href=""http://img.studio515.cn/20181220/17-08-03%20kipling%20%E8%BD%BB%E8%A3%85%E8%B4%AD%E7%AC%AC%E5%85%AD%E7%89%88.mp4"">手机播放点击</a></p>","Studio515",0,0,0,0,"2018/11/20, 23:14:30",171,0,0,0,0,,,,10
